country,league_name,league_id
"TOP LEAGUES","World Cup","732"
"TOP LEAGUES","European Championship","1326"
"TOP LEAGUES","Copa America","1114"
"TOP LEAGUES","Africa Cup of Nations","1117"
"TOP LEAGUES","Asian Cup","1105"
"TOP LEAGUES","Champions League","2"
"TOP LEAGUES","Europa League","5"
"TOP LEAGUES","Conference League","2286"
"TOP LEAGUES","Premier League","8"
"TOP LEAGUES","La Liga","564"
"TOP LEAGUES","Bundesliga","82"
"TOP LEAGUES","Serie A","384"
"TOP LEAGUES","Eredivisie","72"
"TOP LEAGUES","Liga Portugal","462"
"TOP LEAGUES","Pro League","208"
"TOP LEAGUES","Serie A","648"
"TOP LEAGUES","MLS","779"
"TOP LEAGUES","Superliga","636"
"TOP LEAGUES","Pro League","944"
"TOP LEAGUES","Super League","989"
"AFRICA","Africa Cup Of Nations U20","1515"
"AFRICA","African Championship Women","1570"
"AFRICA","COSAFA U20 Championship","1591"
"AFRICA","Africa U23 Cup of Nations","1756"
"AFRICA","CECAFA U20 Championship","1999"
"AFRICA","Africa U20 Cup of Nations Qualification","2004"
"AFRICA","CAF Women's Champions League","2431"
"AFRICA","Africa U23 Cup of Nations Qualification","2879"
"AFRICA","CAF U17 Cup of Nations","3114"
"AFRICA","Women's Olympic Qualifying CAF","3197"
"AFRICA","U20 Women's World Cup Qualification Africa","3236"
"AFRICA","Africa Women Cup of Nations Qualification","3254"
"AFRICA","African Football League","3270"
"AFRICA","U17 Women's World Cup Qualification Africa","3295"
"AFRICA","All Africa Games","3320"
"AFRICA","African Games Women","3321"
"AFRICA","Africa U20 Cup of Nations Qualification","3398"
"AFRICA","COSAFA Women's U20 Cup","3415"
"ALBANIA","Superliga","172"
"ALBANIA","1st Division","1358"
"ALBANIA","2nd Division","1359"
"ALBANIA","Albanian Cup","1361"
"ALBANIA","1st Division Play-offs","1675"
"ALBANIA","Super Cup","1676"
"ALBANIA","Kampionati i Femrave","2027"
"ALBANIA","Play-offs 1/2","3157"
"ALGERIA","Ligue 1","809"
"ALGERIA","Ligue 2","812"
"ALGERIA","Algeria Cup","1373"
"ALGERIA","Super Cup","1567"
"ALGERIA","Algeria Youth League","1597"
"ALGERIA","Reserve League","3408"
"ANDORRA","Primera División","893"
"ANDORRA","2. Division","896"
"ANDORRA","Player-offs 1/2","1902"
"ANDORRA","Super Cup","2307"
"ANDORRA","Copa Constitució","2308"
"ANGOLA","Girabola","815"
"ANGOLA","Super Cup","2543"
"ANTIGUA AND BARBUDA","Premier Division","1649"
"ARGENTINA","Liga Profesional de Fútbol","636"
"ARGENTINA","Torneo Federal B","639"
"ARGENTINA","Copa Argentina","642"
"ARGENTINA","Primera B Nacional","645"
"ARGENTINA","Primera C","1093"
"ARGENTINA","Primera D Metropolitana","1094"
"ARGENTINA","Primera B Metropolitana","1330"
"ARGENTINA","Torneo Federal A","1333"
"ARGENTINA","Torneos De Verano","1457"
"ARGENTINA","Super Cup","1502"
"ARGENTINA","Reserve League","1642"
"ARGENTINA","Copa de la Superliga","1658"
"ARGENTINA","Copa de la Superliga Reserves","1669"
"ARGENTINA","Torneo Federal B - Centro","2460"
"ARGENTINA","Torneo Federal B - Cuyo","2462"
"ARGENTINA","Torneo Federal B - Litoral Norte","2469"
"ARGENTINA","Torneo Federal B - Litoral Sur","2470"
"ARGENTINA","Torneo Federal B - Pampeana Sur","2428"
"ARGENTINA","Torneo Federal B - Norte","2483"
"ARGENTINA","Torneo Federal B - Patagonica","2482"
"ARGENTINA","Torneo Federal B - Final Stages","2503"
"ARGENTINA","Copa Santa Fe","2676"
"ARGENTINA","Primera A","2731"
"ARGENTINA","Trofeo de Campeones","2997"
"ARGENTINA","Super Copa International","3037"
"ARGENTINA","Trofeo de Campeones","2996"
"ARMENIA","Premier League","175"
"ARMENIA","First League","178"
"ARMENIA","Armenian Cup","1095"
"ARMENIA","Super Cup","3267"
"ARUBA","Division de Honor","1335"
"ARUBA","Copa Betico Croes","2535"
"ARUBA","Play-offs 1/2","3473"
"ASIA","AFC Champions League","1085"
"ASIA","AFC Cup","1088"
"ASIA","Afc Championship U23","1395"
"ASIA","Aff Championship U19","1543"
"ASIA","Aff Championship U23","2538"
"ASIA","Asian Cup Women","1614"
"ASIA","Southeast Asian Game","1729"
"ASIA","Waff Championship","1734"
"ASIA","AFC U19 Women's Championship","1751"
"ASIA","EAFF E-1 Football Championship Women","1762"
"ASIA","Women's Olympic Qualifying","1788"
"ASIA","AFF Championship Women","2586"
"ASIA","AFC Women's Club Championship","2780"
"ASIA","SAFF Women's Championship","2821"
"ASIA","AFC U20 Asian Cup Qualification","2826"
"ASIA","Merlion Cup U22","3079"
"ASIA","AFC U20 Asian Cup","3066"
"ASIA","AFC U17 Women's Asian Cup Qualification","3108"
"ASIA","Southeast Asian Games Women","3121"
"ASIA","AFC U17 Asian Cup","3135"
"ASIA","AFC U20 Women's Asian Cup Qualification","3166"
"ASIA","CAFA Nations Cup","3168"
"ASIA","ACC Men's Premier Cup","3189"
"ASIA","SAFF U19 Championship","3257"
"ASIA","Women's Asian Games","3258"
"ASIA","WAFF Women's Championship","3305"
"ASIA","AFC U20 Women's Asian Cup","3317"
"ASIA","UAE-Qatar Super Shield","3341"
"ASIA","AFC U17 Women's Asian Cup","3351"
"ASIA","Qatar-UAE Super Cup","3339"
"ASIA","ASEAN Club Championship","3376"
"ASIA","AFC Champions League Elite","3381"
"ASIA","AFC Challenge League","3382"
"ASIA","AGCFF Gulf Club Champions League","3409"
"ASIA","ASEAN Women's Championship Qualification","3417"
"ASIA","EAFF Football Championship Qualification","3431"
"ASIA","AFC Women's Asian Cup Qualification","3482"
"ASIA","Arabian Gulf Cup U23","3535"
"ASIA","OFC Professional League","3545"
"AUSTRALIA","A-League","1356"
"AUSTRALIA","Brisbane Premier League","1381"
"AUSTRALIA","Capital Territory","1382"
"AUSTRALIA","New South Wales","1383"
"AUSTRALIA","Ffa Cup","1399"
"AUSTRALIA","Npl Western Australia","1407"
"AUSTRALIA","Npl Tasmania","1408"
"AUSTRALIA","Npl Queensland","1409"
"AUSTRALIA","National Youth League","1447"
"AUSTRALIA","Npl South Australian","1485"
"AUSTRALIA","Npl Victoria","1490"
"AUSTRALIA","Northern Nsw","1514"
"AUSTRALIA","W-League","1583"
"AUSTRALIA","Queensland FFA Cup Preliminary","1654"
"AUSTRALIA","Victoria FFA Cup Preliminary","1655"
"AUSTRALIA","Northern NSW FFA Cup Preliminary","1656"
"AUSTRALIA","Northern Territory FFA Cup Preliminary","1657"
"AUSTRALIA","Victoria NPL Youth League","1670"
"AUSTRALIA","Western Australia FFA Cup Preliminary","1696"
"AUSTRALIA","Brisbane Reserves Premier League","1697"
"AUSTRALIA","Victoria Premier League 2","1736"
"AUSTRALIA","NPL Finals","1796"
"AUSTRALIA","Northern Territory Premier League","1883"
"AUSTRALIA","Western Australia State League 1","1889"
"AUSTRALIA","South Australia State League 1","1890"
"AUSTRALIA","South Australia Reserves Premier League","1891"
"AUSTRALIA","FFA Cup Qualifying","1892"
"AUSTRALIA","Western Australia NPL Women","1953"
"AUSTRALIA","Capital Territory NPL Women","1954"
"AUSTRALIA","Queensland NPL Women","1955"
"AUSTRALIA","Brisbane Canale Cup","2288"
"AUSTRALIA","Brisbane Women's Cup","2289"
"AUSTRALIA","Queensland Premier League 2 Youth","2290"
"AUSTRALIA","Queensland Premier League","1981"
"AUSTRALIA","New South Wales NPL Youth League","2320"
"AUSTRALIA","Victoria NPL 2 Youth League","2323"
"AUSTRALIA","Queensland Premier League 2","2390"
"AUSTRALIA","South Australia NPL Women","2391"
"AUSTRALIA","NSW FFA Cup Preliminary","2422"
"AUSTRALIA","Capital Territory FFA Cup Preliminary","2423"
"AUSTRALIA","South Australia FFA Cup Preliminary","2424"
"AUSTRALIA","Capital Territory Womens Federation Cup","2547"
"AUSTRALIA","Capital Territory NPL Youth League","2548"
"AUSTRALIA","Victoria NPL Women","2561"
"AUSTRALIA","Victoria NPL 3 Youth","2576"
"AUSTRALIA","New South Wales NPL Women","2578"
"AUSTRALIA","Tasmania Women's Super League","2580"
"AUSTRALIA","Queensland NPL Youth League","2592"
"AUSTRALIA","New South Wales NPL 2 Youth","2593"
"AUSTRALIA","Northern NSW Reserve League","2594"
"AUSTRALIA","Northern NSW State League 1 Reserves","2595"
"AUSTRALIA","South Australia Women's Premier & State Cup","2581"
"AUSTRALIA","Victoria Dockerty Cup","2596"
"AUSTRALIA","Victoria Women's State Knockout Cup","2597"
"AUSTRALIA","Western Australia Women's State Cup","2598"
"AUSTRALIA","QLD FQPL 1 Women","2607"
"AUSTRALIA","Victoria NPL 3","2611"
"AUSTRALIA","Northern NSW NPL Women","2612"
"AUSTRALIA","Northern Territory Women's Premier League","2613"
"AUSTRALIA","New South Wales NPL 2","2671"
"AUSTRALIA","Western Australia State League 1 Reserves","2672"
"AUSTRALIA","Northern NSW State League 1","2673"
"AUSTRALIA","New South Wales NPL 3","2680"
"AUSTRALIA","New South Wales NPL 3 Youth","2681"
"AUSTRALIA","Capital Territory NPL 2 Youth","2688"
"AUSTRALIA","Western Australia NPL Youth League","2697"
"AUSTRALIA","Queensland PL Youth","2701"
"AUSTRALIA","VIC Premier League Womens","2702"
"AUSTRALIA","Capital Territory NPL 2","2703"
"AUSTRALIA","Tasmania Southern Championship","2734"
"AUSTRALIA","Tasmania Northern Championship","2761"
"AUSTRALIA","TAS NPL Youth","3077"
"AUSTRALIA","Victoria Women's Community Shield","3072"
"AUSTRALIA","Queensland Women's Super Cup","3071"
"AUSTRALIA","QLD Pro Series","3054"
"AUSTRALIA","Victoria Community Shield","3053"
"AUSTRALIA","South Australia Women's Pre-Season Cup","3052"
"AUSTRALIA","Western Australia State League Night Series","3048"
"AUSTRALIA","Tasmania Women's Statewide Cup","3090"
"AUSTRALIA","NT Women's Challenge Cup","3120"
"AUSTRALIA","SA Federation Cup","3182"
"AUSTRALIA","NSW Play-offs 2/3","3237"
"AUSTRALIA","Western Australia State Cup","3239"
"AUSTRALIA","NSW Play-offs 1/2","3243"
"AUSTRALIA","WA Play-offs 1/2","3245"
"AUSTRALIA","Tasmania Summer Cup","3307"
"AUSTRALIA","TAS Women's Summer Cup","3308"
"AUSTRALIA","Capital Territory Charity Shield","3318"
"AUSTRALIA","CT Charity Shield Women","3319"
"AUSTRALIA","Western Australia Women's Night Series","3457"
"AUSTRALIA","Australian Championship","3526"
"AUSTRIA","Tipico Bundesliga","181"
"AUSTRIA","Erste Liga","184"
"AUSTRIA","Austrian Cup","187"
"AUSTRIA","Regionalliga: Mitte","1510"
"AUSTRIA","Regionalliga: Ost","1511"
"AUSTRIA","Regionalliga: West","1512"
"AUSTRIA","Landesliga: Vorarlberg","1695"
"AUSTRIA","Landesliga: Wien","1816"
"AUSTRIA","Landesliga: Burgenland","1817"
"AUSTRIA","Landesliga: Niederösterreich","1818"
"AUSTRIA","Landesliga: Oberösterreich","1819"
"AUSTRIA","Landesliga: Steiermark","1820"
"AUSTRIA","Landesliga: Tirol","1821"
"AUSTRIA","Landesliga: Salzburg","1822"
"AUSTRIA","Landesliga: Kärnten","1823"
"AUSTRIA","KFV Cup","1899"
"AUSTRIA","Regionalliga: Tirol","1923"
"AUSTRIA","Regionalliga: Vorarlberg","1924"
"AUSTRIA","Regionalliga: Salzburg","1925"
"AUSTRIA","Jugendliga U18","1939"
"AUSTRIA","TFV Cup","2316"
"AUSTRIA","VFV Cup","2317"
"AUSTRIA","BFV Cup","2417"
"AUSTRIA","SFV Cup","2418"
"AUSTRIA","WFV Cup","2419"
"AUSTRIA","OOEFV Cup","2420"
"AUSTRIA","STFV Cup","2421"
"AUSTRIA","Women's Cup","2784"
"AUSTRIA","Jugendliga U16","2833"
"AUSTRIA","Frauenliga","2839"
"AUSTRIA","Jugendliga U15","2843"
"AUSTRIA","2. Frauenliga","2844"
"AZERBAIJAN","Premier League","190"
"AZERBAIJAN","Azerbaidjan Cup","193"
"AZERBAIJAN","Birinci Dasta","196"
"AZERBAIJAN","Reserve League","3228"
"BAHRAIN","Premier League","971"
"BAHRAIN","Bahrain Cup","1603"
"BAHRAIN","Second Division","1765"
"BAHRAIN","Premier League Play-offs","1785"
"BAHRAIN","Super Cup","1991"
"BAHRAIN","Federation Cup","2432"
"BANGLADESH","Premier League","974"
"BANGLADESH","Federation Cup","1772"
"BARBADOS","Premier League","1336"
"BELARUS","Vysshaya Liga","199"
"BELARUS","Pershaya Liga","202"
"BELARUS","Second Division Play-offs","205"
"BELARUS","Belarusian Cup","1535"
"BELARUS","Vysshaya Liga Reserve","1809"
"BELARUS","Vysshaya Liga Women","1869"
"BELARUS","Women's Cup","1870"
"BELARUS","Super Cup","1871"
"BELARUS","Second Division - Brest Region","2453"
"BELARUS","Second Division - Vitebsk Region","2454"
"BELARUS","Second Division - Gomel Region","2455"
"BELARUS","Second Division - Grodno Region","2456"
"BELARUS","Second Division - Minsk Region","2457"
"BELARUS","Second Division - Mogilev Region","2458"
"BELARUS","Belazovets Friendly Tournament","3046"
"BELARUS","Second Division - Final Tournament","3262"
"BELARUS","Play-offs 1/2","3292"
"BELARUS","Super Cup Women","3325"
"BELARUS","Second Division - East","3351"
"BELARUS","Second Division - West","3352"
"BELGIUM","Pro League","208"
"BELGIUM","First Division B","211"
"BELGIUM","Belgian Cup","214"
"BELGIUM","Super Cup","1128"
"BELGIUM","Belgium Playoffs 2/3","1129"
"BELGIUM","Division 3: ACFF","1130"
"BELGIUM","Division 3: Group A","1131"
"BELGIUM","Division 3: Group B","1132"
"BELGIUM","Third Amateur Division: VFV A","1133"
"BELGIUM","Third Amateur Division: VFV B","1134"
"BELGIUM","Third Amateur Division: ACFF A","1135"
"BELGIUM","Third Amateur Division: ACFF B","1136"
"BELGIUM","Provincial-Antwerpen","1137"
"BELGIUM","Provincial-Brabant","1138"
"BELGIUM","Provincial-Hainaut","1139"
"BELGIUM","Provincial-Liege","1140"
"BELGIUM","Provincial-Limburg","1141"
"BELGIUM","Provincial-Luxembourg","1142"
"BELGIUM","Provincial-Namur","1143"
"BELGIUM","Provincial-Oost-Vlaanderen","1144"
"BELGIUM","Provincial-West-Vlaanderen","1145"
"BELGIUM","UEFA Europa League Play-offs","1371"
"BELGIUM","First Amateur Division","1418"
"BELGIUM","Super League Women","1571"
"BELGIUM","1st National Women","1572"
"BELGIUM","Reserve Pro League","1608"
"BELGIUM","Division 3: Play-offs","1624"
"BELGIUM","Third Amateur Division: Play-offs","1626"
"BELGIUM","Reserve Pro League 2","1757"
"BELGIUM","Women's Cup","1906"
"BELGIUM","Second Division Women","1907"
"BELGIUM","Super Cup Women","1908"
"BELGIUM","Reserve Pro League Cup","2408"
"BELGIUM","Play-offs 3/4","3140"
"BELGIUM","Second Amateur Division: Play-offs","3367"
"BELIZE","Premier League","1337"
"BENIN","Championnat National","977"
"BHUTAN","Super League","1338"
"BHUTAN","Bhutan Premier League","1988"
"BOLIVIA","Liga De Futbol Prof","1098"
"BOLIVIA","Nacional B","1987"
"BOLIVIA","Copa de la División Profesional","3058"
"BOLIVIA","Play-offs 1/2","3293"
"BOLIVIA","Torneo Amistoso de Verano","3458"
"BOSNIA AND HERZEGOVINA","Premier Liga","220"
"BOSNIA AND HERZEGOVINA","Bosnia Cup","223"
"BOSNIA AND HERZEGOVINA","First League: FBiH","226"
"BOSNIA AND HERZEGOVINA","First League: RS","232"
"BOSNIA AND HERZEGOVINA","Premijer Ženska Liga","2762"
"BOSNIA AND HERZEGOVINA","Premijer omladinska liga","3467"
"BOTSWANA","Premier League","1517"
"BRAZIL","Serie A","648"
"BRAZIL","Serie B","651"
"BRAZIL","Copa do Brasil","654"
"BRAZIL","Serie C","657"
"BRAZIL","Serie D","660"
"BRAZIL","Primeira Liga","1100"
"BRAZIL","Acreano","1288"
"BRAZIL","Alagoano","1289"
"BRAZIL","Amazonense","1290"
"BRAZIL","Baiano 1","1291"
"BRAZIL","Baiano 2","1292"
"BRAZIL","Brasiliense","1293"
"BRAZIL","Copa do Nordeste","1294"
"BRAZIL","Capixaba","1295"
"BRAZIL","Carioca 1","1296"
"BRAZIL","Carioca 2","1298"
"BRAZIL","Catarinense 1","1299"
"BRAZIL","Cearense 1","1300"
"BRAZIL","Cearense 2","1301"
"BRAZIL","Gaucho 1","1302"
"BRAZIL","Gaucho 2","1303"
"BRAZIL","Goiano 1","1304"
"BRAZIL","Maranhense","1305"
"BRAZIL","Matogrossense","1306"
"BRAZIL","Mineiro 1","1307"
"BRAZIL","Mineiro 2","1308"
"BRAZIL","Paraense","1309"
"BRAZIL","Paraibano","1310"
"BRAZIL","Paranaense 1","1311"
"BRAZIL","Paranaense 2","1312"
"BRAZIL","Paulista A1","1313"
"BRAZIL","Paulista A2","1314"
"BRAZIL","Paulista A3","1315"
"BRAZIL","Pernambucano 1","1316"
"BRAZIL","Piauiense","1317"
"BRAZIL","Rondoniense","1319"
"BRAZIL","Roraimense","1320"
"BRAZIL","Sergipano","1321"
"BRAZIL","Sul Matogrossense","1322"
"BRAZIL","Tocantinense","1323"
"BRAZIL","Amapaense","1324"
"BRAZIL","Brasileiro U20","1385"
"BRAZIL","Copa Verde","1386"
"BRAZIL","Sao Paolo Youth Cup","1456"
"BRAZIL","Copa Do Brasil U20","1513"
"BRAZIL","Carioca U20","1630"
"BRAZIL","Brasileiro Women","1631"
"BRAZIL","Paulista Série B","1653"
"BRAZIL","Paulista U20","1684"
"BRAZIL","Mineiro U20","1685"
"BRAZIL","Paulista Women","1686"
"BRAZIL","Catarinense 2","1687"
"BRAZIL","Paranaense U19","1688"
"BRAZIL","Copa Rio","1698"
"BRAZIL","Copa Paulista","1746"
"BRAZIL","Supercopa do Brasil","1798"
"BRAZIL","Copa Gaúcha","2005"
"BRAZIL","Copa Do Nordeste U20","2006"
"BRAZIL","Brasileiro Feminino A2","2294"
"BRAZIL","Gaúcho 3","2302"
"BRAZIL","Gaúcho Women","2304"
"BRAZIL","Amazonense U20","2325"
"BRAZIL","Brasiliense U20","2324"
"BRAZIL","Baiano U20","2326"
"BRAZIL","Sergipano U20","2368"
"BRAZIL","Pernambucano U20","2402"
"BRAZIL","Torneio Otavio Pinto Guimaraes U20","2412"
"BRAZIL","Goiano U20","2411"
"BRAZIL","Sergipano 2","2412"
"BRAZIL","Carioca Women","2413"
"BRAZIL","Catarinense 3","2414"
"BRAZIL","Carioca B2","2416"
"BRAZIL","Ga√∫cho - Estadual Junior U20","2434"
"BRAZIL","Alagoano U20","2435"
"BRAZIL","Paraense U20","2516"
"BRAZIL","Supercopa U20","2517"
"BRAZIL","Alagoano Play-offs","2553"
"BRAZIL","Copa Espirito Santo","2556"
"BRAZIL","Paranaense U20","2599"
"BRAZIL","Carioca A2","2604"
"BRAZIL","Amazonense 2","2657"
"BRAZIL","Paraibano U20","2685"
"BRAZIL","Potiguar U20","2694"
"BRAZIL","Goiano 2","2705"
"BRAZIL","Mineiro 3","2706"
"BRAZIL","Brasileiro Feminino A3","2707"
"BRAZIL","Paranaense Women","2708"
"BRAZIL","Brazil","2711"
"BRAZIL","Catarinense U20","2729"
"BRAZIL","Maranhense 2","2763"
"BRAZIL","Amazonense Women","2764"
"BRAZIL","Paraibano 2","2814"
"BRAZIL","Paraibano 3","2815"
"BRAZIL","Paraense 2","2827"
"BRAZIL","Pernambucano 2","2833"
"BRAZIL","Cearense 3","2845"
"BRAZIL","Brasiliense Women","2846"
"BRAZIL","Mineiro Women","2874"
"BRAZIL","Baiano Women","2947"
"BRAZIL","Alagoano Women","2948"
"BRAZIL","Cearense Women","2959"
"BRAZIL","Potiguar 2","2960"
"BRAZIL","Paraense Women","2966"
"BRAZIL","Brasil Ladies Cup","3000"
"BRAZIL","Pernambucano Women","3001"
"BRAZIL","Sergipano Women","3002"
"BRAZIL","Brasileiro Women U20","3081"
"BRAZIL","Copa do Brasil U17","3067"
"BRAZIL","Copa Rio Women","3060"
"BRAZIL","Supercopa Feminino","3049"
"BRAZIL","Cearense U20","3124"
"BRAZIL","Carioca C","3126"
"BRAZIL","Alagoano 2","3174"
"BRAZIL","Goiano 3","3238"
"BRAZIL","Copa SC U21","3244"
"BRAZIL","Paraibano Women","3266"
"BRAZIL","Copa Paulista Women","3269"
"BRAZIL","Pernambucano 3","3273"
"BRAZIL","Potiguar Women","3274"
"BRAZIL","Recopa Catarinense","3301"
"BRAZIL","Paulista A4","3302"
"BRAZIL","Copa Rio U20","3324"
"BRAZIL","Copa Grão Pará","3328"
"BRAZIL","Matogrossense 2","3353"
"BRAZIL","Copa Amazonas U20","3371"
"BRAZIL","Paraense B2","3372"
"BRAZIL","Recopa Gaúcha","3322"
"BRAZIL","Goiano Women","3383"
"BRAZIL","Brasiliense B","3395"
"BRAZIL","Copa Sul U20","3399"
"BRAZIL","Capixaba B","3400"
"BRAZIL","Brasileiro U20 B","3469"
"BRAZIL","Copa do Brasil Feminino","3481"
"BRITISH VIRGIN ISLANDS","BVIFA National League","3010"
"BRUNEI DARUSSALAM","Super League","1808"
"BULGARIA","Parva Liga","229"
"BULGARIA","Vtora Liga","235"
"BULGARIA","Bulgarian Cup","241"
"BULGARIA","3. League Northeast","1146"
"BULGARIA","3. League Northwest","1147"
"BULGARIA","3. League Southeast","1148"
"BULGARIA","3. League Southwest","1149"
"BULGARIA","Parva Liga - Play-offs","1682"
"BULGARIA","Super Cup","1706"
"BULGARIA","Women's League","2847"
"BULGARIA","Second League","2993"
"BULGARIA","U18 Cup","2995"
"BURKINA FASO","Premier League","821"
"BURUNDI","Ligue A","1811"
"CAMBODIA","C-League","1339"
"CAMBODIA","Hun Sen Cup","2436"
"CAMEROON","Elite One","818"
"CAMEROON","Elite Two","1801"
"CAMEROON","Cameroon Cup","1802"
"CANADA","Canadian Soccer League","983"
"CANADA","PCSL","986"
"CANADA","Championship","1380"
"CANADA","Premier League","1689"
"CANADA","League 1 Ontario","1900"
"CANADA","PLSQ","1901"
"CANADA","League 1 BC","2608"
"CANADA","League 1 Alberta","3358"
"CANADA","Northern Super League","3464"
"CAPE VERDE","Campeonato Nacional","3107"
"CAYMAN ISLAND","CIFA Premier League","3290"
"CHILE","Primera Division","663"
"CHILE","Primera B","666"
"CHILE","Chilean Cup","669"
"CHILE","Segunda División","1699"
"CHILE","Play-odds 1/2","2534"
"CHILE","Super Cup","2261"
"CHILE","Tercera A","2600"
"CHINA PR","Super League","989"
"CHINA PR","League One","992"
"CHINA PR","FA Cup","995"
"CHINA PR","Yi League","1414"
"CHINA PR","Play-offs 1/2","2529"
"CHINA PR","League Two","2585"
"CHINA PR","Super Cup","3091"
"CHINA PR","U21 League","3139"
"CHINA PR","Super League Women","3491"
"CHINESE TAIPEI","Taiwan Football Premier League","1340"
"CHINESE TAIPEI","Taiwan University Matches","1848"
"CHINESE TAIPEI","Taiwan Mulan Football League","1860"
"COLOMBIA","Liga BetPlay","672"
"COLOMBIA","Torneo Betplay","678"
"COLOMBIA","Copa Betplay","681"
"COLOMBIA","Liga Femenina","2343"
"COLOMBIA","Superliga","3051"
"CONGO","Super Ligue","824"
"CONGO","Ligue 1","1544"
"COSTA RICA","Primera Division","687"
"COSTA RICA","Liga de Ascenso","690"
"COSTA RICA","Copa Costa Rica","3008"
"COSTA RICA","Supercopa","3204"
"COSTA RICA","Recopa","3216"
"COSTA RICA","Ligue 1","827"
"CROATIA","1. HNL","244"
"CROATIA","2. HNL","247"
"CROATIA","Croatia Cup","250"
"CROATIA","3. HNL - East","1150"
"CROATIA","3. HNL - South","1151"
"CROATIA","3. HNL - West","1154"
"CROATIA","3. HNL - North","1926"
"CROATIA","3. HNL - Center","1927"
"CROATIA","U19 League","1976"
"CROATIA","3. HNL - Promotion/Relegation","2710"
"CROATIA","Second NL","2785"
"CROATIA","First League Women","2873"
"CROATIA","U19 HNK juniori","3094"
"CROATIA","Women's Play-offs 1/2","3169"
"CROATIA","Play-offs 2/3","3172"
"CROATIA","Play-offs 3/4","3173"
"CROATIA","Super Cup","3201"
"CUBA","Primera Division","1616"
"CYPRUS","1. Division","253"
"CYPRUS","2. Division","256"
"CYPRUS","Cyprus Cup","259"
"CYPRUS","3. Division","1155"
"CYPRUS","First Division Women","2872"
"CYPRUS","Women's Cup","3040"
"CYPRUS","Super Cup","3214"
"CYPRUS","Super Cup Women","3251"
"CZECH REPUBLIC","Fortuna Liga","262"
"CZECH REPUBLIC","2. Liga FNL","265"
"CZECH REPUBLIC","Czech Cup","268"
"CZECH REPUBLIC","3. Liga CFL","1156"
"CZECH REPUBLIC","3. Liga MSFL","1157"
"CZECH REPUBLIC","4. Liga Division A","1158"
"CZECH REPUBLIC","4. Liga Division B","1159"
"CZECH REPUBLIC","4. Liga Division C","1160"
"CZECH REPUBLIC","4. Liga Division E","1161"
"CZECH REPUBLIC","4. Liga Division D","1162"
"CZECH REPUBLIC","Youth League","1427"
"CZECH REPUBLIC","U19 League","1443"
"CZECH REPUBLIC","First League Women","1444"
"CZECH REPUBLIC","Czech Cup Women","1445"
"CZECH REPUBLIC","Tipsport Liga","1459"
"CZECH REPUBLIC","Moravskoslezsky Kp","1460"
"CZECH REPUBLIC","Olomoucky Kp","1461"
"CZECH REPUBLIC","Jihomoravsky Kp","1462"
"CZECH REPUBLIC","Vysocina Kp","1463"
"CZECH REPUBLIC","Pardubicky Kp","1464"
"CZECH REPUBLIC","Kralovehradecky Kp","1465"
"CZECH REPUBLIC","Liberecky Kp","1466"
"CZECH REPUBLIC","Ustecky Kp","1467"
"CZECH REPUBLIC","Plzensky Kp","1468"
"CZECH REPUBLIC","Jihocesky Kp","1469"
"CZECH REPUBLIC","Stredocesky Kp","1470"
"CZECH REPUBLIC","Prazsky Prebor","1471"
"CZECH REPUBLIC","4. Liga Division F","1982"
"CZECH REPUBLIC","2. Liga Women","2849"
"CZECH REPUBLIC","Play-offs 1/2","3156"
"DENMARK","Superliga","271"
"DENMARK","First Division","274"
"DENMARK","Landspokal Cup","277"
"DENMARK","2. Division Group 1","1163"
"DENMARK","2. Division Group 2","1164"
"DENMARK","Denmark Series Group 1","1168"
"DENMARK","Denmark Series Group 2","1169"
"DENMARK","Denmark Series Group 3","1170"
"DENMARK","Denmark Series Group 4","1171"
"DENMARK","Elitedivisionen Women","1573"
"DENMARK","2. Division - Play-offs","1621"
"DENMARK","Reserve League","1646"
"DENMARK","Superliga Play-offs","1659"
"DENMARK","Women's Play-offs 1/2","1660"
"DENMARK","U19 League","1748"
"DENMARK","Women's Cup","1909"
"DENMARK","Viasat Cup","1911"
"DENMARK","Denmark Series - Play-offs","2300"
"DENMARK","U21 Ligaen","2301"
"DENMARK","1st Division Women","2306"
"DENMARK","2nd Division","2319"
"DENMARK","3. Division","2765"
"DENMARK","2. Division Women","2767"
"DENMARK","Women's Play-offs 2/3","3087"
"DJIBOUTI","Division 1","1916"
"DOMINICAN REPUBLIC","Liga Mayor","1341"
"DOMINICAN REPUBLIC","Copa LDF","3465"
"DOMINICAN REPUBLIC","DFA Premier League","3472"
"ECUADOR","Liga Pro","696"
"ECUADOR","Primera B","699"
"ECUADOR","Super Cup","2544"
"ECUADOR","Copa Ecuador","2602"
"ECUADOR","Superliga Femenina","2682"
"ECUADOR","Segunda Categoria","2834"
"EGYPT","Premier League","830"
"EGYPT","Egypt Cup","1412"
"EGYPT","Super Cup","1797"
"EGYPT","Second League: Group A","1964"
"EGYPT","Second League: Group B","1965"
"EGYPT","Second League: Group C","1966"
"EGYPT","League Cup","2528"
"EGYPT","Second League: Relegation Play-offs","3192"
"EGYPT","Second Division A","3252"
"EGYPT","Premier League Women","3539"
"EL SALVADOR","Primera Division","702"
"EL SALVADOR","Reserve League","2430"
"ENGLAND","Premier League","8"
"ENGLAND","Championship","9"
"ENGLAND","League One","12"
"ENGLAND","League Two","14"
"ENGLAND","National League","17"
"ENGLAND","Vanarama National League North","20"
"ENGLAND","Community Shield","23"
"ENGLAND","FA Cup","24"
"ENGLAND","Carabao Cup","27"
"ENGLAND","Fa Trophy","30"
"ENGLAND","Premier League Cup","32"
"ENGLAND","Premier League International Cup","38"
"ENGLAND","EFL Trophy","39"
"ENGLAND","Premier League U18","42"
"ENGLAND","Wsl 2 Women","44"
"ENGLAND","Wsl 1 Women","45"
"ENGLAND","Professional Development League","48"
"ENGLAND","Non League Premier: Isthmian","51"
"ENGLAND","Non League Div One: Isthmian North","53"
"ENGLAND","Non League Div One: Southern Central","54"
"ENGLAND","Non League Div One: Northern North","57"
"ENGLAND","Non League Div One: Isthmian South","60"
"ENGLAND","Non League Div One: Northern South","63"
"ENGLAND","Non League Div One: Southern S & W","66"
"ENGLAND","Non League Premier: Northern","68"
"ENGLAND","Non League Premier: Southern Central","69"
"ENGLAND","Vanarama National League South","1092"
"ENGLAND","Premier League 2 Divison Two","1351"
"ENGLAND","FA Cup Women","1506"
"ENGLAND","Premier League 2 Division One","1560"
"ENGLAND","League Cup Women","1593"
"ENGLAND","Non League Div One: Play-offs","1623"
"ENGLAND","FA Youth Cup","1778"
"ENGLAND","Youth Alliance","1783"
"ENGLAND","Central League Cup","1791"
"ENGLAND","Non League Premier: Southern South","1805"
"ENGLAND","Non League Premier: Play-offs","1806"
"ENGLAND","London Senior Cup","1929"
"ENGLAND","Non League Div One: Isthmian South Central","1949"
"ENGLAND","Non League Div One: Isthmian South East","1950"
"ENGLAND","Women's National League Division One SW","1967"
"ENGLAND","Women's National League Division One SE","1968"
"ENGLAND","Women's National League Division One North","1969"
"ENGLAND","Women's National League Division One Midlands","1970"
"ENGLAND","Women's National League - Premier Division North","1971"
"ENGLAND","Women's National League - Premier Division South","1972"
"ENGLAND","Women's National League - Premier Division Finals","1973"
"ENGLAND","Vanarama National League - Playoffs","2314"
"ENGLAND","Non League Div One: Northern East","2329"
"ENGLAND","Non League Div One: Northern Midlands","2330"
"ENGLAND","Non League Div One: Northern West","2331"
"ENGLAND","Non League Div One: Southern South","2332"
"ENGLAND","Liverpool Senior Cup","2429"
"ENGLAND","Counties Leagues: Essex Senior League","2374"
"ENGLAND","Counties Leagues: Combined Counties Premier North","2375"
"ENGLAND","Counties Leagues: Eastern Counties League","2377"
"ENGLAND","Counties Leagues: Midland League Premier","2378"
"ENGLAND","Counties Leagues: Northern Counties East","2379"
"ENGLAND","Counties Leagues: Northern League One","2380"
"ENGLAND","Counties Leagues: North West Counties League","2381"
"ENGLAND","Counties Leagues: Southern Combination League Premier","2382"
"ENGLAND","Counties Leagues: Southern Counties East","2383"
"ENGLAND","Counties Leagues: Wessex Leagues Premier","2384"
"ENGLAND","Counties Leagues: Western League Premier","2385"
"ENGLAND","Counties Leagues: Hellenic League Premier","2386"
"ENGLAND","Counties Leagues: Spartan South Midlands","2387"
"ENGLAND","Counties Leagues: United Counties League Premier North","2388"
"ENGLAND","Central League","2425"
"ENGLAND","Northamptonshire Senior Cup","2695"
"ENGLAND","Lincolnshire Senior Cup","2698"
"ENGLAND","Hampshire Senior Cup","2735"
"ENGLAND","U18 Professional Development League","2768"
"ENGLAND","Youth Alliance Cup","2786"
"ENGLAND","Hertfordshire Senior Challenge Cup","2822"
"ENGLAND","Kent Senior Cup","2823"
"ENGLAND","Alan Turvey Trophy","2828"
"ENGLAND","U17 Premier League Cup","2829"
"ENGLAND","Lancashire FA Challenge Trophy","2875"
"ENGLAND","Staffordshire Senior Cup","2876"
"ENGLAND","FA WNL Cup","2949"
"ENGLAND","Northumberland Senior Cup","2961"
"ENGLAND","Walsall Senior Cup","2964"
"ENGLAND","Durham County Challenge Cup","2972"
"ENGLAND","Gloucester Senior Challenge Cup","2973"
"ENGLAND","Manchester Premier Cup","2974"
"ENGLAND","West Riding","2975"
"ENGLAND","Sheffield and Hallamshire Senior Cup","2982"
"ENGLAND","U18 Premier League Cup","2983"
"ENGLAND","U18 Professional Development League Cup","2984"
"ENGLAND","Cheshire Senior Cup","2986"
"ENGLAND","Nottinghamshire Saturday Senior Cup","2987"
"ENGLAND","Suffolk FA Premier Cup","2988"
"ENGLAND","Surrey Senior Cup","2989"
"ENGLAND","North Riding Senior Cup","2991"
"ENGLAND","FA Vase","2997"
"ENGLAND","Birmingham Senior Cup","3035"
"ENGLAND","Essex Senior Cup","3024"
"ENGLAND","Sussex Senior Challenge Cup","3020"
"ENGLAND","FA Vase","2997"
"ENGLAND","Norfolk Senior Cup","3095"
"ENGLAND","Lancashire Senior Cup","3097"
"ENGLAND","Oxfordshire Senior Cup","3101"
"ENGLAND","Derbyshire Senior Cup","3102"
"ENGLAND","Middlesex Senior Cup","3103"
"ENGLAND","Huntingdonshire Senior Cup","3110"
"ENGLAND","Cumberland Senior Cup","3117"
"ENGLAND","Somerset Premier Cup","3118"
"ENGLAND","BBFA Senior Cup","3127"
"ENGLAND","East Riding Senior Cup","3128"
"ENGLAND","U17 Professional Development League Cup","3255"
"ENGLAND","Bedfordshire Senior Challenge Cup","3275"
"ENGLAND","Leicestershire and Rutland Challenge Cup","3276"
"ENGLAND","National League Cup","3403"
"ENGLAND","PGA U21 Women's League","3405"
"ENGLAND","PGA U16 Women's Cup","3407"
"ENGLAND","PGA U21 Women's Cup","3437"
"ESTONIA","Meistriliiga","286"
"ESTONIA","Esiliiga","289"
"ESTONIA","Estonian Cup","1374"
"ESTONIA","Super Cup","1375"
"ESTONIA","II Liiga","1876"
"ESTONIA","Super Cup Women","1877"
"ESTONIA","Esiliiga B","1880"
"ESTONIA","Small Cup","1930"
"ESTONIA","Women's Cup","1931"
"ESTONIA","Play-offs 2/3","2001"
"ESTONIA","Play-offs 1/2","2002"
"ESTONIA","Play-offs 3/4","2003"
"ESTONIA","U19 League","2305"
"ESTONIA","Meistriliiga Women","2668"
"ESTONIA","U19 Eliitliiga Meistriliiga","3041"
"ESTONIA","Women's Play-offs 1/2","3278"
"ETHIOPIA","Premier League","998"
"ETHIOPIA","Higher League","3462"
"EUROPE","Champions League","2"
"EUROPE","UEFA Europa League","5"
"EUROPE","UEFA Europa Conference League","2286"
"EUROPE","WC Qualification Europe","720"
"EUROPE","Euro Qualification","1325"
"EUROPE","European Championship","1326"
"EUROPE","Euro U21","1327"
"EUROPE","Uefa Super Cup","1328"
"EUROPE","UEFA Youth League","1329"
"EUROPE","Euro U17","1354"
"EUROPE","Euro U19","1355"
"EUROPE","Uhren Cup","1387"
"EUROPE","Euro Women","1389"
"EUROPE","Champions League Women","1419"
"EUROPE","Euro U19 Women","1424"
"EUROPE","Elite League U20","1432"
"EUROPE","Uefa Regions' Cup","1433"
"EUROPE","Atlantic Cup","1434"
"EUROPE","Baltic Cup U21","1532"
"EUROPE","Baltic Cup","1533"
"EUROPE","UEFA Nations League","1538"
"EUROPE","Euro U17 Women","1563"
"EUROPE","UEFA U17 Championship","1634"
"EUROPE","Czech-Slovak Super Cup","1717"
"EUROPE","U21 Championship Qualification","2311"
"EUROPE","UEFA U19 Championship Qualification","2405"
"EUROPE","UEFA U17 Championship Qualification","2406"
"EUROPE","UEFA U19 Championship Women Qualification","2426"
"EUROPE","AFC U23 Asian Cup Qualification","2427"
"EUROPE","International Women's National Team Tournament","2440"
"EUROPE","Baltic Women's Cup","2979"
"EUROPE","Torneio Internacional Algarve U17","3055"
"EUROPE","Livonia Cup","3047"
"EUROPE","Tipsport Malta Cup","3032"
"EUROPE","Trofeo Angelo Dossena","3175"
"EUROPE","All-Island Cup","3181"
"EUROPE","CEE Cup","3218"
"EUROPE","Women's Nations League","3249"
"EUROPE","UEFA U17 Championship Women Qualification","3263"
"EUROPE","Livonian Winter League","3300"
"EUROPE","UEFA Women's Championship Qualification","3327"
"EUROPE","Puskás Cup","2263"
"EUROPE","UEFA U21 Championship","3423"
"EUROPE","UEFA Women Europa League","3523"
"FAROE ISLANDS","1. Deild","280"
"FAROE ISLANDS","Meistaradeildin","283"
"FAROE ISLANDS","Faroe Islands Cup","1540"
"FAROE ISLANDS","Meistaradeildin Women","2722"
"FAROE ISLANDS","2. Deild","2769"
"FAROE ISLANDS","Women's Cup","2840"
"FAROE ISLANDS","Super Cup","3314"
"FAROE ISLANDS","Super Cup Women","3323"
"FIJI","National Football League","1342"
"FIJI","Inter District Championship","2977"
"FIJI","Champion vs Champion","3050"
"FIJI","FA Cup","3167"
"FIJI","Battle of the Giants","3223"
"FINLAND","Veikkausliiga","292"
"FINLAND","Ykkösliiga","295"
"FINLAND","Finland Cup","298"
"FINLAND","Kakkonen","1172"
"FINLAND","Kansallinen Liiga Women","1554"
"FINLAND","Kolmonen","1728"
"FINLAND","Veikkausliiga Play-offs","1750"
"FINLAND","A-Junior League","1886"
"FINLAND","Kolmonen - Pohjoinen","2523"
"FINLAND","Kolmonen - Länsi","2524"
"FINLAND","Kolmonen - Etelä","2525"
"FINLAND","Kolmonen - Promotion Play-offs Finals","2526"
"FINLAND","Ykkönen Women","2675"
"FINLAND","Women's Play-offs 1/2","3271"
"FINLAND","Ykkönen","3306"
"FRANCE","Ligue 1","301"
"FRANCE","Ligue 2","304"
"FRANCE","Coupe de France","307"
"FRANCE","Coupe de la Ligue","310"
"FRANCE","National","313"
"FRANCE","Super Cup","1176"
"FRANCE","CFA Group A","1177"
"FRANCE","CFA Group B","1178"
"FRANCE","CFA Group C","1179"
"FRANCE","CFA Group D","1180"
"FRANCE","National 3: Auvergne-Rhône-Alpes","1181"
"FRANCE","National 3: Bourgogne-Franche-Comté","1182"
"FRANCE","National 3: Bretagne","1183"
"FRANCE","National 3: Centre-Val de Loire","1184"
"FRANCE","National 3: Grand-Est","1185"
"FRANCE","National 3: Hauts-de-France","1186"
"FRANCE","National 3: Normandie","1188"
"FRANCE","Division 1: Women","1575"
"FRANCE","National 3: Nouvelle-Aquitaine","1637"
"FRANCE","National 3: Occitanie","1638"
"FRANCE","National 3: Paris Île-de-France","1639"
"FRANCE","National 3: Corse-Méditerranée","1641"
"FRANCE","Ligue 1 Play-offs","1673"
"FRANCE","Ligue 2 Play-offs","1674"
"FRANCE","Championnat National U19","2787"
"FRANCE","Championnat National U17","2850"
"FRANCE","Coupe Gambardella","3027"
"FRANCE","Coupe de France Féminine","3011"
"FRANCE","National 3: Group J","3219"
"FRANCE","Trophée des Championnes Féminin","3248"
"FRANCE","Feminine Division 3","3304"
"FRANCE","Coupe de la Ligue Women","3540"
"FRENCH POLYNESIA","Ligue 1","3005"
"GABON","Champoinnat D1","833"
"GAMBIA","GFA League","1644"
"GEORGIA","Erovnuli Liga 2","316"
"GEORGIA","Crystalbet Erovnuli Liga","319"
"GEORGIA","David Kipiani Cup","1586"
"GEORGIA","Super Cup","1587"
"GEORGIA","Liga 3","1585"
"GEORGIA","Women's League","2724"
"GEORGIA","Play-offs 1/2","3015"
"GEORGIA","Play-offs 2/3","3012"
"GERMANY","Bundesliga","82"
"GERMANY","2. Bundesliga","85"
"GERMANY","3. Liga","88"
"GERMANY","Regionalliga: Nord","91"
"GERMANY","Regionalliga: Bayern","94"
"GERMANY","Regionalliga: Nordost","97"
"GERMANY","Regionalliga: Südwest","103"
"GERMANY","Regionalliga: West","106"
"GERMANY","DFB Pokal","109"
"GERMANY","Oberliga: Baden-Wurttemberg","112"
"GERMANY","Oberliga: Bayern Nord","115"
"GERMANY","Oberliga: Bayern Süd","118"
"GERMANY","Oberliga: Bremen","124"
"GERMANY","Oberliga: Hamburg","127"
"GERMANY","Oberliga: Hessen","130"
"GERMANY","Oberliga: Mittelrhein","133"
"GERMANY","Oberliga: Niederrhein","136"
"GERMANY","Oberliga: Niedersachsen","139"
"GERMANY","Oberliga: Nordost-Nord","142"
"GERMANY","Oberliga: Nordost-Süd","145"
"GERMANY","Oberliga: Rheinland-Pfalz/Saar","151"
"GERMANY","Oberliga: Schleswig-Holstein","154"
"GERMANY","Oberliga: Westfalen","160"
"GERMANY","Bundesliga Play-offs","163"
"GERMANY","2. Bundesliga Play-offs","166"
"GERMANY","Super Cup","169"
"GERMANY","Junioren Bundesliga","1422"
"GERMANY","Dfb Pokal Women","1576"
"GERMANY","Regionalliga Playoffs - Finals","1595"
"GERMANY","Oberliga Play-offs","1683"
"GERMANY","Bundesliga Women","1740"
"GERMANY","Reg. Cup Berlin","1794"
"GERMANY","2. Bundesliga Women","1879"
"GERMANY","Bayern Ligapokal","2297"
"GERMANY","Reg. Cup Bayern","2346"
"GERMANY","Reg. Cup Brandenburg","2347"
"GERMANY","Reg. Cup Bremen","2349"
"GERMANY","Reg. Cup Hamburg","2350"
"GERMANY","Reg. Cup Hessen","2351"
"GERMANY","Reg. Cup Mecklenburg-Vprpommern","2352"
"GERMANY","Reg. Cup Mittelrhein","2353"
"GERMANY","Reg. Cup Niederrhein","2354"
"GERMANY","Reg. Cup Niedersachsen","2355"
"GERMANY","Reg. Cup Niedersachsen Amateure","2356"
"GERMANY","Reg. Cup Rheinland","2357"
"GERMANY","Reg. Cup Saarland","2358"
"GERMANY","Reg. Cup Sachsen","2359"
"GERMANY","Reg. Cup Sachsen-Anhalt","2360"
"GERMANY","Reg. Cup Schleswig-Holstein","2361"
"GERMANY","Reg. Cup Sudbaden","2362"
"GERMANY","Reg. Cup Sudwest","2363"
"GERMANY","Reg. Cup Thuringen","2364"
"GERMANY","Reg. Cup Westfalen","2365"
"GERMANY","Reg. Cup Wurttemberg","2366"
"GERMANY","Regionalliga Women - West","2459"
"GERMANY","Regionalliga Women - Nord","2464"
"GERMANY","Regionalliga Women - Nordost","2465"
"GERMANY","Regionalliga Women - Süd","2466"
"GERMANY","Regionalliga Women - Südwest","2468"
"GERMANY","State Leagues: Bayern - Mitte","2619"
"GERMANY","State Leagues: Bayern - Nordost","2620"
"GERMANY","State Leagues: Bayern - Nordwest","2621"
"GERMANY","State Leagues: Bayern - Südost","2622"
"GERMANY","State Leagues: Bayern - Südwest","2623"
"GERMANY","State Leagues: Saarland","2624"
"GERMANY","State Leagues: Hamburg - Hammonia","2625"
"GERMANY","State Leagues: Hamburg - Hansa","2626"
"GERMANY","State Leagues: Berlin","2627"
"GERMANY","State Leagues: Hessen - Mitte","2628"
"GERMANY","State Leagues: Braunschweig","2629"
"GERMANY","State Leagues: Hessen - Süd","2630"
"GERMANY","State Leagues: Sachsen - Anhalt","2631"
"GERMANY","State Leagues: Weser - Ems","2632"
"GERMANY","State Leagues: Württemberg","2633"
"GERMANY","State Leagues: Mecklenburg - Vorpommern","2634"
"GERMANY","State Leagues: Südbaden","2635"
"GERMANY","State Leagues: Südwest","2636"
"GERMANY","State Leagues: Hessen - Nord","2637"
"GERMANY","State Leagues: Lüneburg","2638"
"GERMANY","State Leagues: Baden","2639"
"GERMANY","State Leagues: Schleswig - Holstein","2640"
"GERMANY","State Leagues: Thüringen","2641"
"GERMANY","State Leagues: Hannover","2642"
"GERMANY","State Leagues: Rheinland","2643"
"GERMANY","State Leagues: Sachsen","2644"
"GERMANY","State Leagues: Brandenburg","2645"
"GERMANY","State Leagues: Westfalen - 1","2646"
"GERMANY","State Leagues: Westfalen - 2","2647"
"GERMANY","State Leagues: Mittelrhein - 1","2648"
"GERMANY","State Leagues: Mittelrhein - 2","2649"
"GERMANY","State Leagues: Niederrhein - 1","2650"
"GERMANY","State Leagues: Niederrhein - 2","2651"
"GERMANY","State Leagues: Niederrhein - 3","2652"
"GERMANY","State Leagues: Bremen","2653"
"GERMANY","State Leagues: Baden - Württemberg Play-offs","2654"
"GERMANY","State Leagues: Westfalen Play-offs","2655"
"GERMANY","Reg. Cup Baden","2683"
"GERMANY","U17 Bundesliga","2771"
"GERMANY","DFB Junioren Pokal","3013"
"GERMANY","Play-offs 4/5","3148"
"GERMANY","Play-offs 5/6","3152"
"GERMANY","State Leagues: Südwest/Rheinland/Saarland - Promotion","3171"
"GERMANY","State Leagues: Hamburg - Promotion Play-offs","3368"
"GERMANY","Supercup der Frauen","3386"
"GHANA","Premier League","836"
"GHANA","Cup","3021"
"GHANA","Super Cup","3241"
"GHANA","Division One","3241"
"GIBRALTAR","Gibraltar Cup","1526"
"GIBRALTAR","Premier Division","1709"
"GIBRALTAR","Super Cup","3250"
"GREECE","Super League","325"
"GREECE","Football League","328"
"GREECE","Greek Cup","331"
"GREECE","Gamma Ethniki Group 1","1189"
"GREECE","Gamma Ethniki Group 4","1190"
"GREECE","Gamma Ethniki Group 3","1191"
"GREECE","Gamma Ethniki Group 2","1192"
"GREECE","Gamma Ethniki Group 5","1193"
"GREECE","Gamma Ethniki Group 7","1194"
"GREECE","Gamma Ethniki Group 6","1627"
"GREECE","Gamma Ethniki Group 8","1628"
"GREECE","Gamma Ethnik: Play-offs","1629"
"GREECE","Super League 2","1759"
"GREECE","Super League K19","1770"
"GREECE","Play-Offs 1/2","1932"
"GREECE","Play-Offs 2/3","1933"
"GREECE","Gamma Ethniki Group 9","1961"
"GREECE","Gamma Ethniki Group 10","1962"
"GREECE","Panelinio Protathlima","2428"
"GREECE","Super League 2 - Group B","2479"
"GREECE","Super League 2 - Play-offs","2509"
"GREECE","Super League 2 K19","3425"
"GUADELOUPE","Division d'Honneur","842"
"GUATEMALA","Liga Nacional","705"
"GUATEMALA","Primera Division","708"
"GUINEA","Ligue 1","845"
"GUYANA","GFF Elite League","3133"
"HAITI","Ligue Haïtienne","1343"
"HONDURAS","Liga Nacional","734"
"HONG KONG","Premier League","1001"
"HONG KONG","First Division","1004"
"HONG KONG","FA Cup","1528"
"HONG KONG","Senior Shield","1775"
"HONG KONG","Sapling Cup","2552"
"HONG KONG","1st Div League Cup","2577"
"HONG KONG","Reserve Division","3059"
"HONG KONG","HKPL Cup","3296"
"HONG KONG","HKPL U22 League","3416"
"HONG KONG","HKPL U22 League FA Cup","3479"
"HONG KONG","League Cup","3527"
"HUNGARY","OTP Bank Liga","334"
"HUNGARY","Hungarian Cup","337"
"HUNGARY","Merkantil Bank Liga","343"
"HUNGARY","Nb I Women","1577"
"HUNGARY","NB 3: Kozep","1948"
"HUNGARY","NB 3: Nyugati","1200"
"HUNGARY","Nb I Women","1577"
"HUNGARY","NB 3: Keleti","1947"
"HUNGARY","Nöi Magyar Kupa","2725"
"HUNGARY","Nöi NB II","2842"
"HUNGARY","U19 League","2852"
"HUNGARY","U19 ALAP","2853"
"HUNGARY","U19 Play-offs 1/2","3064"
"HUNGARY","Play-offs 2/3","3145"
"HUNGARY","NB 3: Northeast","3206"
"HUNGARY","NB 3: Northwest","3207"
"HUNGARY","NB 3: Southeast","3208"
"HUNGARY","NB 3: Southwest","3209"
"HUNGARY","NB 3: Final Stages","3210"
"HUNGARY","U16 League","3391"
"HUNGARY","U17 League","3392"
"HUNGARY","U15 League","3393"
"ICELAND","Pepsideild","345"
"ICELAND","Inkasso-Deildin","348"
"ICELAND","2. Deild","351"
"ICELAND","Iceland Cup","354"
"ICELAND","League Cup","357"
"ICELAND","Fotbolti.Net Cup Cup A","1472"
"ICELAND","Reykjavik Cup","1473"
"ICELAND","Reykjavik Youth Cup","1590"
"ICELAND","Fotbolti.Net Cup Cup B","1602"
"ICELAND","4. Deild","1693"
"ICELAND","3. Deild","1694"
"ICELAND","Premier League Women","1710"
"ICELAND","1. Deild Women","1711"
"ICELAND","U19 League","1881"
"ICELAND","U19 League Women","1882"
"ICELAND","Fotbolti.Net Cup Cup A","1472"
"ICELAND","Womens Cup","1888"
"ICELAND","U19 Cup","2614"
"ICELAND","2. Delid Women","2615"
"ICELAND","Women's Cup U19","2820"
"ICELAND","Faxafloi U19","2993"
"ICELAND","U19 League C","3074"
"ICELAND","U19 League B","3073"
"ICELAND","Reykjavik Women Cup","3030"
"ICELAND","Super Cup","3088"
"ICELAND","Super Cup Women","3100"
"INDIA","Indian Super League","1007"
"INDIA","I-League","1010"
"INDIA","Santosh Trophy","1013"
"INDIA","Calcutta Premier Division A","1416"
"INDIA","Hero Super Cup","1505"
"INDIA","I-League 2nd Division","1980"
"INDIA","Elite Youth League","3022"
"INDIA","Indian Women's League","3109"
"INDIA","Durand Cup","3515"
"INDONESIA","Liga 2","1016"
"INDONESIA","Liga 1","1019"
"INDONESIA","President Cup","1474"
"INDONESIA","Piala Indonesia","1718"
"INDONESIA","Liga 1 U20","3426"
"INDONESIA","Liga Nusantara","3460"
"IRAN","Azadegan League","899"
"IRAN","Persian Gulf Pro League","902"
"IRAN","Hazfi Cup","1428"
"IRAN","Super Cup","3430"
"IRAQ","Iraqi League","911"
"IRAQ","Play-offs 1/2","3379"
"IRAQ","FA Cup","3504"
"ISRAEL","Ligat ha'Al","372"
"ISRAEL","Liga Leumit","375"
"ISRAEL","State Cup","378"
"ISRAEL","Toto Cup Ligat Al","381"
"ISRAEL","Lig Bet","1598"
"ISRAEL","Toto Cup Ligat Leumit","1730"
"ISRAEL","Ligat Al Women","1766"
"ISRAEL","Liga Alef","1776"
"ISRAEL","Liga Alef - Süd","2478"
"ISRAEL","Liga Alef - Promotion Play-offs","2510"
"ISRAEL","Liga Bet - North A","2512"
"ISRAEL","Liga Bet - North B","2513"
"ISRAEL","Liga Bet - South A","2514"
"ISRAEL","Liga Bet - South B","2515"
"ISRAEL","Super Cup","2656"
"ISRAEL","U19 Elite Division","2788"
"ISRAEL","U19 Cup","2968"
"ISRAEL","State Cup Women","3085"
"ISRAEL","Play-offs 3/4","3113"
"ISRAEL","Play-offs 2/3","3132"
"ISRAEL","League Cup Women","3388"
"ITALY","Serie A","384"
"ITALY","Serie B","387"
"ITALY","Coppa Italia","390"
"ITALY","Super Cup","1202"
"ITALY","Serie C: Girone A","1203"
"ITALY","Serie C: Girone B","1204"
"ITALY","Serie C: Girone C","1205"
"ITALY","Lega Pro 2: Girone A","1206"
"ITALY","Lega Pro 2: Girone B","1207"
"ITALY","Lega Pro 2: Girone C","1208"
"ITALY","Serie D: Girone A","1209"
"ITALY","Serie D: Girone B","1210"
"ITALY","Serie D: Girone C","1211"
"ITALY","Serie D: Girone D","1212"
"ITALY","Serie D: Girone E","1213"
"ITALY","Serie D: Girone F","1214"
"ITALY","Serie D: Girone G","1215"
"ITALY","Serie D: Girone H","1216"
"ITALY","Serie D: Girone I","1217"
"ITALY","PrimaVera 1","1426"
"ITALY","Primavera 2","1437"
"ITALY","Coppa Italia Serie C","1450"
"ITALY","Super Cup(Serie C)","1530"
"ITALY","Serie A Women","1578"
"ITALY","Serie D: Playoffs","1588"
"ITALY","Primavera Cup","1594"
"ITALY","Coppa Italia Women","1622"
"ITALY","Serie C Play-offs","1664"
"ITALY","Coppa Italia Serie D","1744"
"ITALY","Primavera 3","2304"
"ITALY","Primavera Women","2554"
"ITALY","Serie B Women","2854"
"ITALY","Primavera 2 Women","2871"
"ITALY","Campionato Primavera 4","2958"
"ITALY","U18 Serie A/B","3002"
"ITALY","U18 Serie A/B","3003"
"ITALY","U17 Serie A/B","3034"
"ITALY","U16 Serie A/B","3039"
"ITALY","Super Cup Primavera","3042"
"ITALY","Women's Play-offs 1/2","3158"
"ITALY","Trofeo Silvio Berlusconi","3222"
"ITALY","Super Cup Women","3297"
"ITALY","U15 Serie A/B","3401"
"ITALY","Women's Serie A Cup","3512"
"JAMAICA","Premier League","737"
"JAMAICA","JFF Champions Cup","3098"
"JAPAN","J-League","968"
"JAPAN","J2-League","1022"
"JAPAN","J3-League","1025"
"JAPAN","Emperor Cup","1028"
"JAPAN","Ybc Levain Cup","1031"
"JAPAN","Nadeshiko League 1","1671"
"JAPAN","Japan Football League","1719"
"JAPAN","Nadeshiko League 2","1721"
"JAPAN","J1 League Play-offs","1768"
"JAPAN","J2 League Play-offs","1769"
"JAPAN","Super Cup","1790"
"JAPAN","Regional Leagues: Kyushu","2658"
"JAPAN","Regional Leagues: Chugoku","2659"
"JAPAN","Regional Leagues: Kanto","2660"
"JAPAN","Regional Leagues: Shikoku","2661"
"JAPAN","Regional Leagues: Kansai","2662"
"JAPAN","Regional Leagues: Hokushinetsu","2663"
"JAPAN","Regional Leagues: Tokai","2664"
"JAPAN","Regional Leagues: Hokkaido","2665"
"JAPAN","Regional Leagues: Tohoku","2666"
"JAPAN","Regional Leagues: Promotion","2667"
"JAPAN","WE League Cup","2789"
"JAPAN","Empress's Cup","3017"
"JAPAN","WE League","3023"
"JAPAN","Japan Premier League T20","3190"
"JAPAN","Play-offs 4/5","3289"
"JAPAN","Play-offs 3/4","3472"
"JAPAN","J1 100 Year Vision League","3537"
"JORDAN","Premier League","920"
"JORDAN","Shield Cup","1417"
"JORDAN","Super Cup","1564"
"JORDAN","1st Division","1648"
"JORDAN","Jordan Cup","2393"
"KAZAKHSTAN","Premier League","393"
"KAZAKHSTAN","First Division","396"
"KAZAKHSTAN","Kazakhstan Cup","1508"
"KAZAKHSTAN","Womens Championship","2616"
"KAZAKHSTAN","Super Cup","3065"
"KAZAKHSTAN","Women's Cup","3355"
"KENYA","Premier League","848"
"KENYA","Super League","1645"
"KENYA","Play-offs 1/2","2712"
"KENYA","Shield Cup","3086"
"KENYA","Women Premier League","3428"
"KOREA REPUBLIC","K-League 1","1034"
"KOREA REPUBLIC","National League","1037"
"KOREA REPUBLIC","K3 League Advanced","1040"
"KOREA REPUBLIC","Korean Cup","1043"
"KOREA REPUBLIC","League Cup","1046"
"KOREA REPUBLIC","K League 2","1362"
"KOREA REPUBLIC","WK-League","1661"
"KOREA REPUBLIC","K-League Relegation","1662"
"KOREA REPUBLIC","K League 1 Play-offs 1/2","2992"
"KOREA REPUBLIC","Play-offs 3/4","3287"
"KOSOVO","Superliga","1488"
"KOSOVO","Kosovar Cup","1489"
"KOSOVO","Liga e Femrave","3075"
"KOSOVO","Play-offs 1/2","3162"
"KOSOVO","Superliga U21","3411"
"KOSOVO","Super Cup","3546"
"KOSOVO","National League","3547"
"KUWAIT","Premier League","923"
"KUWAIT","Division 1","926"
"KUWAIT","Crown Prince Cup","1777"
"KUWAIT","Super Cup","1992"
"KUWAIT","Emir Cup","2372"
"KUWAIT","Federation Cup","2407"
"KYRGYZSTAN","Top Liga","929"
"KYRGYZSTAN","Super Cup","3070"
"LAOS","Premier League","1993"
"LATVIA","Virsliga","399"
"LATVIA","First Liga","402"
"LATVIA","Latvian Cup","1388"
"LATVIA","Women League","1956"
"LATVIA","Play-offs 1/2","3285"
"LATVIA","Super Cup","3315"
"LEBANON","Premier League","932"
"LEBANON","Super Cup","1993"
"LEBANON","Elite Cup","1994"
"LEBANON","FA Cup","1995"
"LEBANON","Federation Cup","3194"
"LESOTHO","Premier League","1519"
"LIBYA","Premier League","851"
"LITHUANIA","A Lyga","405"
"LITHUANIA","1. Lyga","408"
"LITHUANIA","Lithuanian Cup","1541"
"LITHUANIA","A Lyga Women","1952"
"LITHUANIA","Play-offs 1/2","3281"
"LITHUANIA","II Lyga","3516"
"LUXEMBOURG","National Division","1504"
"LUXEMBOURG","National Division Play-offs","1677"
"LUXEMBOURG","Women's Cup","2369"
"LUXEMBOURG","1. Division","2790"
"LUXEMBOURG","Ligue 1 Women","2855"
"LUXEMBOURG","Cup","2969"
"LUXEMBOURG","Promotion d'Honneur","3105"
"LUXEMBOURG","Play-offs 2/3","3136"
"MACAO","Primeira Division","1704"
"MACEDONIA FYR","First League","414"
"MACEDONIA FYR","Second League","417"
"MACEDONIA FYR","Macedonian Cup","1500"
"MACEDONIA FYR","Womens League","2560"
"MACEDONIA FYR","Play-offs 1/2","3369"
"MACEDONIA FYR","Mladinska Super liga","3419"
"MADAGASCAR","Pro League","2287"
"MALAWI","Super League","854"
"MALAYSIA","Premier League","1049"
"MALAYSIA","Super League","1052"
"MALAYSIA","Malaysia Cup","1393"
"MALAYSIA","Liga M3","2584"
"MALAYSIA","Challenge Cup","3253"
"MALAYSIA","MFL Cup","3364"
"MALDIVES","Male League","1522"
"MALI","Premiere Division","857"
"MALTA","Premier League","420"
"MALTA","First Division","423"
"MALTA","Summer Cup","1402"
"MALTA","Fa Trophy","1436"
"MALTA","Super Cup","1592"
"MALTA","Gozo First Division","2409"
"MALTA","National Amateur League","2830"
"MALTA","First Division Women","2877"
"MALTA","Play-offs 1/2","3116"
"MALTA","Mosta Tournament","3224"
"MALTA","Super Cup Women","3294"
"MALTA","Challenge Cup","3466"
"MAURITANIA","Super D1","1524"
"MAURITANIA","WAFU A Women's Cup","3489"
"MAURITIUS","Mauritian League","1523"
"MEXICO","Liga MX","743"
"MEXICO","Copa MX","746"
"MEXICO","Liga de Expansión MX","749"
"MEXICO","Liga Mx Women","1579"
"MEXICO","Champion of Champions","1722"
"MEXICO","Supercopa MX","1723"
"MEXICO","Liga Premier Serie A","1779"
"MEXICO","Liga Premier Serie B","1780"
"MEXICO","U20 League","1935"
"MEXICO","Copa Conecta","2536"
"MEXICO","U18 League","2617"
"MEXICO","Liga TDP: Group 1","2781"
"MEXICO","Liga TDP: Group 2","2795"
"MEXICO","Liga TDP: Group 3","2796"
"MEXICO","Liga TDP: Group 4","2797"
"MEXICO","Liga TDP: Group 5","2798"
"MEXICO","Liga TDP: Group 6","2799"
"MEXICO","Liga TDP: Group 7","2800"
"MEXICO","Liga TDP: Group 8","2801"
"MEXICO","Liga TDP: Group 9","2802"
"MEXICO","Liga TDP: Group 10","2803"
"MEXICO","Liga TDP: Group 11","2804"
"MEXICO","Liga TDP: Group 12","2805"
"MEXICO","Liga TDP: Group 13","2806"
"MEXICO","Liga TDP: Group 14","2807"
"MEXICO","Liga TDP: Group 15","2808"
"MEXICO","Liga TDP: Group 16","2809"
"MEXICO","Liga TDP: Group 18","2811"
"MEXICO","Liga TDP: Finals","2812"
"MEXICO","Copa por México","3019"
"MEXICO","U23 League","3195"
"MEXICO","U19 League","3406"
"MEXICO","Liga MX U21","3542"
"MICRONESIA","Soccer League","3009"
"MOLDOVA","National Division","426"
"MOLDOVA","Division A","429"
"MOLDOVA","Moldovan Cup","1716"
"MOLDOVA","Liga 2","2772"
"MOLDOVA","Campionatul Moldovei","2869"
"MOLDOVA","Play-offs 1/2","3068"
"MONGOLIA","Premier League","1747"
"MONGOLIA","MFF Cup","3350"
"MONGOLIA","Play-offs 1/2","3375"
"MONTENEGRO","First League","432"
"MONTENEGRO","Second League","435"
"MONTENEGRO","Montenegro Cup","2439"
"MONTENEGRO","1. ŽFL","3104"
"MONTENEGRO","Play-offs 1/2","3149"
"MONTENEGRO","First Youth League","3429"
"MOROCCO","Botola Pro","860"
"MOROCCO","Botola 2","863"
"MOROCCO","Coupe Du Trone","1429"
"MOROCCO","Division 1 Féminin","3016"
"MOROCCO","Play-offs 1/2","3484"
"MOROCCO","Division 2 Féminin","3549"
"MOZAMBIQUE","Mocambola","1553"
"MYANMAR","National League","1737"
"MYANMAR","U21 League","1825"
"N/C AMERICA","Cfu Club Championship","1478"
"N/C AMERICA","Concacaf League","1479"
"N/C AMERICA","Concacaf Championship Women U20","1480"
"N/C AMERICA","Concacaf Championship U17","1481"
"N/C AMERICA","Concacaf Championship U20","1482"
"N/C AMERICA","Central American & Caribbean Games","1546"
"N/C AMERICA","CONCACAF Nations League Qualification","1742"
"N/C AMERICA","CONCACAF Caribbean Club Championship","1792"
"N/C AMERICA","CONCACAF Gold Cup Qualification","2321"
"N/C AMERICA","Concacaf U20 Qualification","2433"
"N/C AMERICA","Concacaf U17 Qualification","2817"
"N/C AMERICA","Campeones Cup","2841"
"N/C AMERICA","Concacaf Women's U20 Qualification","3099"
"N/C AMERICA","Leagues Cup","3211"
"N/C AMERICA","Concacaf Central American Cup","3220"
"N/C AMERICA","Concacaf Caribbean Club Shield","3221"
"N/C AMERICA","N/C America: Concacaf Women's U17 Qualification","3229"
"N/C AMERICA","Concacaf W Gold Cup Qualification","3256"
"N/C AMERICA","NWSL x Liga MXF Summer Cup","3373"
"N/C AMERICA","Concacaf W Champions Cup","3374"
"NAMIBIA","Premier League","869"
"NEPAL","A Division","1344"
"NEPAL","Super League","3286"
"NETHERLANDS","Eredivisie","72"
"NETHERLANDS","Eerste Divisie","74"
"NETHERLANDS","Tweede Divisie","77"
"NETHERLANDS","KNVB Beker","78"
"NETHERLANDS","Eredivisie Women","80"
"NETHERLANDS","Super Cup","81"
"NETHERLANDS","Derde Divisie: Zondag","1096"
"NETHERLANDS","Derde Divisie: Zaterdag","1097"
"NETHERLANDS","Eredivisie Playoffs","1353"
"NETHERLANDS","Reserve League","1448"
"NETHERLANDS","Women's Cup","1739"
"NETHERLANDS","Youth Cup U19","1781"
"NETHERLANDS","Super Cup Women","1894"
"NETHERLANDS","U21 Divisie 2","2824"
"NETHERLANDS","U18 Divisie 1","2831"
"NETHERLANDS","Hoofdklasse - Zaterdag","2857"
"NETHERLANDS","Hoofdklasse - Zondag","2858"
"NETHERLANDS","U21 Divisie 1","2859"
"NETHERLANDS","U21 Divisie 3","2860"
"NETHERLANDS","U21 Divisie 4","2861"
"NETHERLANDS","U18 Divisie 2","2862"
"NETHERLANDS","U18 Divisie 3","2863"
"NETHERLANDS","U18 Divisie 4","2864"
"NETHERLANDS","Eerste Klasse","2950"
"NETHERLANDS","Hoofdklasse Women","2951"
"NETHERLANDS","Eerste Klasse Women","2952"
"NETHERLANDS","Topklasse Women","2957"
"NETHERLANDS","Jeugdcup U21","3028"
"NETHERLANDS","Women's Play-offs 2/3","3141"
"NETHERLANDS","Women's Play-offs 3/4","3142"
"NETHERLANDS","Play-offs 4/5","3150"
"NETHERLANDS","Play-offs 5/6","3151"
"NETHERLANDS","Play-offs 3/4","3153"
"NETHERLANDS","Vierde Divisie","3233"
"NETHERLANDS","U19 Divisie 1","3389"
"NETHERLANDS","U19 Divisie 2","3390"
"NETHERLANDS","U19 Divisie 3","3396"
"NETHERLANDS","U19 Divisie 4","3397"
"NETHERLANDS","Eerste Divisie A Women","3424"
"NETHERLANDS","Eerste Divisie B Women","3433"
"NETHERLANDS","Women's Play-offs 4/5","3486"
"NEW ZEALAND","Premiership","1055"
"NEW ZEALAND","National League Women","1580"
"NEW ZEALAND","Regional Leagues","1963"
"NEW ZEALAND","Chatham Cup","2674"
"NEW ZEALAND","Northern RFL U23","2774"
"NEW ZEALAND","Women's Cup","2791"
"NICARAGUA","Primera Division","752"
"NICARAGUA","Liga Primera U20","1829"
"NICARAGUA","Copa Nicaragua","2677"
"NICARAGUA","Play-offs 1/2","3176"
"NIGERIA","Npfl","1475"
"NORTHERN IRELAND","Premiership","438"
"NORTHERN IRELAND","Championship","441"
"NORTHERN IRELAND","Irish League Cup","1442"
"NORTHERN IRELAND","Premiership Development League","1609"
"NORTHERN IRELAND","Premiership Women","1700"
"NORTHERN IRELAND","Championship Women","1701"
"NORTHERN IRELAND","Premiership Women - Playoffs","2309"
"NORTHERN IRELAND","Premiership Women - Playoffs","3179"
"NORTHERN IRELAND","Charity Shield","3191"
"NORTHERN MARIANA ISLANDS","Performance Test","1425"
"NORWAY","Eliteserien","444"
"NORWAY","Obos-Ligaen","447"
"NORWAY","NM Cup","450"
"NORWAY","2. Division","1218"
"NORWAY","Super Cup","1527"
"NORWAY","3. Division","1561"
"NORWAY","Junior U19","1745"
"NORWAY","Toppserien","1758"
"NORWAY","Eliteserien Play-offs","1760"
"NORWAY","Obos-Ligaen Play-offs","1761"
"NORWAY","1. Division Women","1977"
"NORWAY","Cup Women","1978"
"NORWAY","2. Division - Final Stages","2504"
"NORWAY","3. Division - Group 2","2518"
"NORWAY","3. Division - Group 3","2519"
"NORWAY","3. Division - Group 4","2520"
"NORWAY","3. Division - Group 5","2521"
"NORWAY","3. Division - Group 6","2522"
"NORWAY","U19 Champions League","2579"
"NORWAY","NM Cupen U19","2967"
"NORWAY","Women's Play-offs 1/2","3284"
"OMAN","Professional League","935"
"OMAN","Sultan Cup","1487"
"OMAN","Super Cup","1996"
"OMAN","First Division League","3434"
"PAKISTAN","Premier League","1058"
"PALESTINE","West Bank League","1449"
"PALESTINE","West Bank League 1st Division","3029"
"PANAMA","Lpf","1477"
"PANAMA","Liga Femenina de Futbol","2609"
"PAPUA NEW GUINEA","National Soccer League","3014"
"PARAGUAY","Division 1","755"
"PARAGUAY","Division Intermedia","761"
"PARAGUAY","Copa Paraguay","1725"
"PARAGUAY","Campeonato Femenino","3080"
"PARAGUAY","Supercopa","3043"
"PERU","Primera Division","764"
"PERU","Segunda Division","767"
"PERU","Copa Bicentenario","1707"
"PERU","Segunda División Play-offs","1767"
"PERU","Supercopa","1786"
"PERU","Copa Peru","1787"
"PERU","Liga 3","3477"
"PHILIPPINES","UFL","1061"
"PHILIPPINES","PFL","1986"
"PHILIPPINES","Copa Paulino Alcantara","3202"
"POLAND","Ekstraklasa","453"
"POLAND","1. Liga","456"
"POLAND","Polish Cup","459"
"POLAND","2. Liga East","1222"
"POLAND","Super Cup","1384"
"POLAND","Ekstraliga Women","1435"
"POLAND","Central Youth League","1446"
"POLAND","3. Liga","1936"
"POLAND","3. Liga - Group 2","2471"
"POLAND","3. Liga - Group 3","2474"
"POLAND","3. Liga - Group 4","2476"
"POLAND","IV Liga: Play-offs","2737"
"POLAND","IV Liga: Lubuska","2738"
"POLAND","IV Liga: Lódzka","2739"
"POLAND","IV Liga: Mazowiecka","2740"
"POLAND","IV Liga: Małopolska","2741"
"POLAND","IV Liga: Podlaska","2742"
"POLAND","IV Liga: Warmińsko-Mazurska","2743"
"POLAND","IV Liga: Wielkopolska","2744"
"POLAND","IV Liga: Zachodniopomorska","2745"
"POLAND","IV Liga: Podkarpacka","2746"
"POLAND","IV Liga: Świętokrzyska","2748"
"POLAND","IV Liga: Dolnośląska East","2749"
"POLAND","IV Liga: Dolnośląska West","2750"
"POLAND","IV Liga: Lubelska I","2751"
"POLAND","IV Liga: Lubelska II","2752"
"POLAND","IV Liga: Opolska","2753"
"POLAND","IV Liga: Śląska I","2754"
"POLAND","IV Liga: Śląska II","2755"
"POLAND","IV Liga: Lubelska Relegation Round","2756"
"POLAND","IV Liga: Lubelska Championship Round","2757"
"POLAND","IV Liga: Play-offs","2758"
"POLAND","I Liga Women","2775"
"POLAND","II Liga Women","2776"
"POLAND","Women's Cup","3078"
"PORTUGAL","Primeira Liga","462"
"PORTUGAL","Segunda Liga","465"
"PORTUGAL","Taça De Portugal","468"
"PORTUGAL","League Cup","471"
"PORTUGAL","Júniores U19","2394"
"PORTUGAL","Super Cup","1224"
"PORTUGAL","2. Division: Group A","1228"
"PORTUGAL","2. Division: Group B","1229"
"PORTUGAL","2. Division: Group C","1230"
"PORTUGAL","2. Division: Group D","1231"
"PORTUGAL","2. Division: Group E","1232"
"PORTUGAL","2. Division: Group F","1233"
"PORTUGAL","2. Division: Group G","1234"
"PORTUGAL","2. Division: Group H","1235"
"PORTUGAL","Liga Revelacao U23","1599"
"PORTUGAL","Liga 3","2348"
"PORTUGAL","Júniores U19","2394"
"PORTUGAL","1st Division Women","2415"
"PORTUGAL","Júniores U17","2726"
"PORTUGAL","Taça da Liga Feminina","2953"
"PORTUGAL","Women's Cup","3038"
"PORTUGAL","Taça Revelação U23","3125"
"PORTUGAL","Women's Play-offs 1/2","3159"
"PORTUGAL","Play-offs 2/3","3160"
"PORTUGAL","Super Cup Women","3240"
"QATAR","Stars League","938"
"QATAR","Q League","941"
"QATAR","QSL Cup","1601"
"QATAR","Play-offs 1/2","1934"
"QATAR","Emir Cup","1983"
"QATAR","Qatar Prince Cup","1989"
"QATAR","Reserve League","2397"
"QATAR","QFA Cup","3242"
"QATAR","Olympic League","3277"
"QATAR","U19 League","3471"
"REPUBLIC OF IRELAND","Premier Division","360"
"REPUBLIC OF IRELAND","First Division","363"
"REPUBLIC OF IRELAND","FAI Cup","366"
"REPUBLIC OF IRELAND","League Cup","369"
"REPUBLIC OF IRELAND","Leinster Senior Cup","1647"
"REPUBLIC OF IRELAND","Women's National League","1945"
"REPUBLIC OF IRELAND","Women's League Cup","1946"
"REPUBLIC OF IRELAND","U19 National League","2670"
"REPUBLIC OF IRELAND","Munster Senior Cup","2687"
"REPUBLIC OF IRELAND","FA Women's Cup","2730"
"REPUBLIC OF IRELAND","Premier Intermediate League","2792"
"REPUBLIC OF IRELAND","County Antrim Shield","2825"
"REPUBLIC OF IRELAND","FAI Women's Cup","2966"
"REPUBLIC OF IRELAND","Play-offs 1/2","3119"
"REPUBLIC OF IRELAND","FAI President's Cup","3056"
"REPUBLIC OF IRELAND","Irish Cup","3025"
"REPUBLIC OF IRELAND","Play-offs 1/2","2999"
"REPUBLIC OF IRELAND","Munster Senior League","3093"
"REPUBLIC OF IRELAND","Leinster Senior League","3096"
"REPUBLIC OF IRELAND","Play-offs 2/3","3165"
"REPUBLIC OF IRELAND","Women's President's Cup","3316"
"REPUBLIC OF IRELAND","U20 National League","3335"
"REPUBLIC OF IRELAND","Regionale 1","2610"
"ROMANIA","Liga 1","474"
"ROMANIA","Romania Cup","483"
"ROMANIA","Super Cup","1236"
"ROMANIA","3. Liga: Series 1","1237"
"ROMANIA","3. Liga: Series 2","1238"
"ROMANIA","3. Liga: Series 3","1239"
"ROMANIA","3. Liga: Series 4","1240"
"ROMANIA","3. Liga: Series 5","1241"
"ROMANIA","3. Liga: Series 6","1242"
"ROMANIA","Romanian Cup Women","1581"
"ROMANIA","Liga 2","1636"
"ROMANIA","Liga 1 Women","1749"
"ROMANIA","3. Liga: Series 7","1957"
"ROMANIA","3. Liga: Series 8","1958"
"ROMANIA","3. Liga: Series 9","1959"
"ROMANIA","U19 League","2291"
"ROMANIA","3. Liga: Series 10","1960"
"ROMANIA","Liga 1 - Play-offs","2298"
"ROMANIA","U19 Cup","2557"
"ROMANIA","Liga 2 Feminin","2836"
"ROMANIA","Cupa de Tineret","3083"
"ROMANIA","Liga de Tineret","3076"
"ROMANIA","3. Liga - Final Stages","3137"
"RUSSIA","Premier League","486"
"RUSSIA","FNL","489"
"RUSSIA","Russian Cup","492"
"RUSSIA","Premier League Play-offs","495"
"RUSSIA","Youth League","498"
"RUSSIA","FNL Cup","1484"
"RUSSIA","Pfl","1525"
"RUSSIA","Premier League Women","1672"
"RUSSIA","Super Cup","1712"
"RUSSIA","Izhevsk Pre-Season Tournament","1713"
"RUSSIA","Kazan Pre-Season Tournament","1793"
"RUSSIA","Women's Cup","1984"
"RUSSIA","FNL 2 - Group 2","2491"
"RUSSIA","FNL 2 - Group 3","2493"
"RUSSIA","FNL 2 - Group 4","2494"
"RUSSIA","Third Division - Moskva","2562"
"RUSSIA","Third Division - Center","2563"
"RUSSIA","Third Division - Moskva Oblast","2564"
"RUSSIA","Third Division - Ural and Western Siberia","2565"
"RUSSIA","Third Division - Southern Federal District","2566"
"RUSSIA","Third Division - Privolzhye","2567"
"RUSSIA","Third Division - Siberia","2568"
"RUSSIA","Third Division - North-West","2569"
"RUSSIA","Third Division - Golden Ring","2570"
"RUSSIA","Third Division - Far East","2571"
"RUSSIA","Third Division - Championship Round","2572"
"RUSSIA","Third Division - Finals","2573"
"RUSSIA","Third Division - Sankt-Peterburg","3138"
"RUSSIA","Super Cup Women","3178"
"RUSSIA","Second League A","3203"
"RUSSIA","Third Division - Center-East","3344"
"RUSSIA","Third Division - Center-West","3345"
"RUSSIA","Third Division - Siberia and Far East","3346"
"RWANDA","National Soccer League","872"
"SAN MARINO","Campionato","1346"
"SAN MARINO","Coppa Titano","1975"
"SAN MARINO","Super Cup","2819"
"SAN MARINO","Campeonato Nacional","3129"
"SAUDI ARABIA","Pro League","944"
"SAUDI ARABIA","Division 1","947"
"SAUDI ARABIA","Kings Cup","950"
"SAUDI ARABIA","Crown Prince Cup","953"
"SAUDI ARABIA","Super Cup","1557"
"SAUDI ARABIA","Pro League Play-offs","1678"
"SAUDI ARABIA","Youth League","1782"
"SAUDI ARABIA","Division 2","2540"
"SAUDI ARABIA","Saudi Reserve League","3225"
"SAUDI ARABIA","Women’s Premier League","3268"
"SCOTLAND","Premiership","501"
"SCOTLAND","Championship","504"
"SCOTLAND","Scottish Cup","507"
"SCOTLAND","League Cup","510"
"SCOTLAND","Premiership Play-Offs","513"
"SCOTLAND","League One","516"
"SCOTLAND","League Two","519"
"SCOTLAND","Challenge Cup","522"
"SCOTLAND","Championship Play-Offs","525"
"SCOTLAND","League One Play-Offs","528"
"SCOTLAND","Football League","1547"
"SCOTLAND","Reserve League","1643"
"SCOTLAND","SWPL Cup","2345"
"SCOTLAND","North of Scotland Cup","2370"
"SCOTLAND","SWPL 1","2398"
"SCOTLAND","SWPL 2","2399"
"SCOTLAND","Women's Championship","2400"
"SCOTLAND","SWF Scottish Cup","2401"
"SCOTLAND","Football League - Highland League","2463"
"SCOTLAND","Football League - Playoffs","2502"
"SCOTLAND","Regional Leagues","2699"
"SCOTLAND","East of Scotland Qualifying Cup","2759"
"SCOTLAND","South Challenge Cup","2793"
"SCOTLAND","FA Youth Cup","2838"
"SCOTLAND","SPFL Reserve Cup","2878"
"SCOTLAND","Aberdeenshire Shield","2962"
"SCOTLAND","East of Scotland League Cup","3069"
"SCOTLAND","Highland League Cup","3092"
"SCOTLAND","Lowland League Cup","3115"
"SCOTLAND","Play-offs 4/5","3130"
"SCOTLAND","Women's Play-offs 1/2","3163"
"SCOTLAND","Women's Play-offs 2/3","3164"
"SCOTLAND","Women's Play-offs 3/4","3488"
"SCOTLAND","Regional Leagues: Midlands","3505"
"SCOTLAND","Regional Leagues: East of Scotland","3506"
"SCOTLAND","Regional Leagues: North Caledonian","3507"
"SCOTLAND","Regional Leagues: North Caledonian","3508"
"SENEGAL","Ligue 1","875"
"SERBIA","Super Liga","531"
"SERBIA","Prva Liga","534"
"SERBIA","Srpska Liga - East","1245"
"SERBIA","Srpska Liga - West","1246"
"SERBIA","Serbian Cup","1501"
"SERBIA","Super Liga Žene","1922"
"SERBIA","Srpska Liga - Belgrade","1243"
"SERBIA","Srpska Liga - Vojvodina","1244"
"SERBIA","Srpska Liga - West","2315"
"SERBIA","U19 League","2437"
"SERBIA","Play-offs 1/2","3154"
"SERBIA","Kup Srbije Žene","3478"
"SIERRA LEONE","Premier League","1679"
"SINGAPORE","S. League","1357"
"SINGAPORE","Singapore Cup","1372"
"SINGAPORE","Community Shield","3356"
"SLOVAKIA","Fortuna Liga","540"
"SLOVAKIA","Slovakia Cup","552"
"SLOVAKIA","3. Liga - Bratislava","1247"
"SLOVAKIA","3. Liga - Center","1248"
"SLOVAKIA","3. Liga - East","1249"
"SLOVAKIA","3. Liga - West","1250"
"SLOVAKIA","Youth League","1665"
"SLOVAKIA","Fortuna Liga Play-offs","1667"
"SLOVAKIA","2. Liga","543"
"SLOVAKIA","I Liga Women","2549"
"SLOVAKIA","4. liga: East","2713"
"SLOVAKIA","4. liga: Bratislava","2714"
"SLOVAKIA","4. liga: Center","2715"
"SLOVAKIA","4. liga: West","2716"
"SLOVAKIA","Women's Cup","2818"
"SLOVENIA","1. SNL","555"
"SLOVENIA","2. SNL","558"
"SLOVENIA","Slovenian Cup","1534"
"SLOVENIA","1. Junior League","1940"
"SLOVENIA","1. Womens Liga","1941"
"SLOVENIA","Play-offs 1/2","1942"
"SLOVENIA","Women's Cup","1943"
"SLOVENIA","3. SNL","1944"
"SOLOMON ISLANDS","S-League","1928"
"SOMALIA","Nation Link Telecom Championship","1392"
"SOUTH AFRICA","Premier League","806"
"SOUTH AFRICA","Nedbank Cup","1378"
"SOUTH AFRICA","Mtn 8 Cup","1413"
"SOUTH AFRICA","League Cup","1438"
"SOUTH AFRICA","GladAfrica Championship","1455"
"SOUTH AFRICA","Premier League Play-offs","1666"
"SOUTH AFRICA","Diski Challenge","2865"
"SOUTH AFRICA","Macufe Cup","2954"
"SOUTH AFRICA","Black Label Cup","3004"
"SOUTH AFRICA","Super League Women","3435"
"SOUTH AMERICA","Copa America","1114"
"SOUTH AMERICA","Copa Sudamericana","1116"
"SOUTH AMERICA","Copa Libertadores","1122"
"SOUTH AMERICA","Recopa Sudamericana","1483"
"SOUTH AMERICA","Copa Libertadores U20","1486"
"SOUTH AMERICA","South American Championship U20","1606"
"SOUTH AMERICA","Copa America Women","1613"
"SOUTH AMERICA","CONMEBOL Pre-Olympic Tournament","1784"
"SOUTH AMERICA","South American Youth Games","2976"
"SOUTH AMERICA","South American Women's Games","2978"
"SOUTH AMERICA","CONMEBOL U17","3084"
"SOUTH AMERICA","CONMEBOL U17 Femenino","3326"
"SPAIN","La Liga","564"
"SPAIN","La Liga 2","567"
"SPAIN","Copa Del Rey","570"
"SPAIN","Super Cup","1251"
"SPAIN","Segunda B - Group 1","1252"
"SPAIN","Segunda B - Group 2","1253"
"SPAIN","Segunda B - Group 3","1254"
"SPAIN","Segunda B - Group 4","1255"
"SPAIN","Segunda B - Playoffs","1256"
"SPAIN","Tercera - Group 1","1257"
"SPAIN","Tercera - Group 2","1258"
"SPAIN","Tercera - Group 3","1260"
"SPAIN","Tercera - Group 4","1261"
"SPAIN","Tercera - Group 5","1262"
"SPAIN","Tercera - Group 6","1263"
"SPAIN","Tercera - Group 7","1264"
"SPAIN","Tercera - Group 8","1265"
"SPAIN","Tercera - Group 9","1266"
"SPAIN","Tercera - Group 10","1267"
"SPAIN","Tercera - Group 11","1268"
"SPAIN","Tercera - Group 12","1269"
"SPAIN","Tercera - Group 13","1270"
"SPAIN","Tercera - Group 14","1271"
"SPAIN","Tercera - Group 15","1272"
"SPAIN","Tercera - Group 16","1273"
"SPAIN","Tercera - Group 17","1274"
"SPAIN","Tercera - Group 18","1275"
"SPAIN","Copa Federacion","1503"
"SPAIN","Primera Division Women","1568"
"SPAIN","Tercera - Playoffs","1589"
"SPAIN","Segunda Division Women","1604"
"SPAIN","Spain Youth League","1620"
"SPAIN","Liga Nacional Juvenil: Group 17","1771"
"SPAIN","Copa de la Reina","1795"
"SPAIN","Esoccer La Liga Santander Challenge - 18 mins play","1815"
"SPAIN","Supercopa de Catalunya","1799"
"SPAIN","Liga Nacional Juvenil: Canarias","1824"
"SPAIN","Liga Nacional Juvenil: Group 1","1830"
"SPAIN","Liga Nacional Juvenil: Group 2","1831"
"SPAIN","Liga Nacional Juvenil: Group 3","1832"
"SPAIN","Liga Nacional Juvenil: Group 4","1833"
"SPAIN","Liga Nacional Juvenil: Group 5","1836"
"SPAIN","Liga Nacional Juvenil: Group 6","1837"
"SPAIN","Liga Nacional Juvenil: Group 7","1838"
"SPAIN","Liga Nacional Juvenil: Group 8","1839"
"SPAIN","Liga Nacional Juvenil: Group 9","1840"
"SPAIN","Liga Nacional Juvenil: Group 10","1841"
"SPAIN","Liga Nacional Juvenil: Group 11","1842"
"SPAIN","Liga Nacional Juvenil: Group 12","1843"
"SPAIN","Liga Nacional Juvenil: Group 13","1844"
"SPAIN","Liga Nacional Juvenil: Group 14","1845"
"SPAIN","Liga Nacional Juvenil: Group 15","1846"
"SPAIN","Liga Nacional Juvenil: Group 16","1847"
"SPAIN","Segunda B - Group 5","1951"
"SPAIN","Primera Division RFEF: Group 1","2333"
"SPAIN","Primera Division RFEF: Group 2","2334"
"SPAIN","Primera Division RFEF: Promotion","2335"
"SPAIN","Segunda Division RFEF: Group 1","2336"
"SPAIN","Segunda Division RFEF: Group 2","2337"
"SPAIN","Segunda Division RFEF: Group 3","2338"
"SPAIN","Segunda Division RFEF: Group 4","2339"
"SPAIN","Segunda Division RFEF: Group 5","2340"
"SPAIN","Segunda Division RFEF: Promotion play-off","2341"
"SPAIN","Segunda Division RFEF: Relegation play-off","2342"
"SPAIN","Segunda Division Femenina","2344"
"SPAIN","Primera Nacional Femenina - Group 3","2472"
"SPAIN","Primera Nacional Femenina - Group 2","2473"
"SPAIN","Primera Nacional Femenina - Group 4","2475"
"SPAIN","Primera Nacional Femenina - Group 5","2477"
"SPAIN","Primera Nacional Femenina - Group 6","2480"
"SPAIN","Primera Nacional Femenina - Group 7","2481"
"SPAIN","División De Honor Juvenil - Group 1","2495"
"SPAIN","División De Honor Juvenil - Group 2","2496"
"SPAIN","División De Honor Juvenil - Group 3","2497"
"SPAIN","División De Honor Juvenil - Group 4","2498"
"SPAIN","División De Honor Juvenil - Group 5","2499"
"SPAIN","División De Honor Juvenil - Group 6","2500"
"SPAIN","División De Honor Juvenil - Group 7","2501"
"SPAIN","Copa Catalunya","2709"
"SPAIN","Primera Federación Femenina","2866"
"SPAIN","Autonómicas: Canarias - Tenerife 2","280"
"SPAIN","Autonómicas: Canarias - Tenerife 1","2881"
"SPAIN","Autonómicas: C Valenciana - GR 1","2882"
"SPAIN","Autonómicas: Baleares - Mallorca A","2883"
"SPAIN","Autonómicas: Baleares - Mallorca B","2884"
"SPAIN","Autonómicas: Cantabria","2885"
"SPAIN","Autonómicas: Castilla LM - Gr 1","2886"
"SPAIN","Autonómicas: Castilla LM - Gr 2","2887"
"SPAIN","Autonómicas: C Valenciana - GR 2","2888"
"SPAIN","Autonómicas: C Valenciana - GR 3","2889"
"SPAIN","Autonómicas: C Valenciana - GR 4","2890"
"SPAIN","Autonómicas: Euskadi - Vizcaya","2891"
"SPAIN","Autonómicas: C Madrid - GR 1","2892"
"SPAIN","Autonómicas: Euskadi - Guipúzcoa","2893"
"SPAIN","Autonómicas: Asturias","2894"
"SPAIN","Autonómicas: Castilla León - GR A","2895"
"SPAIN","Autonómicas: Castilla León - GR B","2896"
"SPAIN","Autonómicas: Galicia - GR 1","2897"
"SPAIN","Autonómicas: Navarra","2897"
"SPAIN","Autonómicas: C Madrid - GR 2","2899"
"SPAIN","Autonómicas: Galicia - Gr 2","2900"
"SPAIN","Autonómicas: Baleares - Ibiza","2901"
"SPAIN","Autonómicas: Canarias - Gran Canaria 1","2902"
"SPAIN","Autonómicas: Canarias - Gran Canaria 2","2903"
"SPAIN","Autonómicas: La Rioja","2904"
"SPAIN","Autonómicas: Extremadura - GR 4","2905"
"SPAIN","Autonómicas: Murcia","2906"
"SPAIN","Autonómicas: Aragón - GR 2","2907"
"SPAIN","Autonómicas: Extremadura - GR 1","2908"
"SPAIN","Autonómicas: Extremadura - GR 2","2909"
"SPAIN","Autonómicas: Extremadura - GR 3","2910"
"SPAIN","Autonómicas: Andalucía - GR 1","2911"
"SPAIN","Autonómicas: Andalucía - GR 2","2912"
"SPAIN","Autonómicas: Baleares - Menorca","2913"
"SPAIN","Autonómicas: Euskadi - Álava","2914"
"SPAIN","Autonómicas: Aragón - GR 1","2915"
"SPAIN","Autonómicas: Aragón - GR 3","2916"
"SPAIN","Autonómicas: Aragón - GR 3","2916"
"SPAIN","Autonómicas: Cataluña - GR 1","2917"
"SPAIN","Autonómicas: Cataluña - GR 2","2918"
"SPAIN","Autonómicas: Cataluña - GR 3","2919"
"SPAIN","Autonómicas: Melilla","2920"
"SPAIN","Autonómicas: Ceuta","2921"
"SPAIN","Autonómicas: Navarra - 2nd Phase","2922"
"SPAIN","Autonómicas: La Rioja - 2nd Phase","2923"
"SPAIN","Autonómicas: Murcia - Relegation PO","2925"
"SPAIN","Autonómicas: Ibiza - Ascenso 1st Round","2926"
"SPAIN","Autonómicas: Extremadura - Ascenso 1st Round","2927"
"SPAIN","Autonómicas: Extremadura - Ascenso Campeones","2928"
"SPAIN","Autonómicas: - Extremadura - Perman.1st Round","2929"
"SPAIN","Autonómicas : Canarias - Tenerife 1st Round","2930"
"SPAIN","Autonómicas : Canarias - Tenerife 2nd Round","2931"
"SPAIN","Autonómicas : Navarra - Ascenso","2932"
"SPAIN","Autonómicas: Canarias - Gran Canaria 2nd Phase","2933"
"SPAIN","Autonómicas: C Valenciana - Finals","2934"
"SPAIN","Autonómicas: Baleares - Finals","2935"
"SPAIN","Autonómicas: Castilla León - Finals","2936"
"SPAIN","Autonómicas: Galicia - Ascenso","2937"
"SPAIN","Supercopa Femenina","3036"
"SPAIN","Copa del Rey Juvenil","3026"
"SPAIN","Autonómicas: Baleares Promotion Round","3106"
"SPAIN","Autonómicas: Castilla LM - Ascenso Finals","3144"
"SPAIN","Liga Nacional Juvenil - Playoffs","3146"
"SPAIN","Autonómicas : Canarias - Tenerife 3rd Round","3170"
"SPAIN","Primera División RFEF: Championship - Final","3177"
"SPAIN","Copa Catalunya Femenina","3184"
"SPAIN","Copa Andalucía Femenina","3227"
"SPAIN","Liga Nacional Juvenil: Canarias - Tenerife","3230"
"SPAIN","Liga Nacional Juvenil: Canarias - Gran Canaria","3231"
"SPAIN","Autonómicas: Canarias - Gran Canaria","3234"
"SPAIN","Autonómicas: C Valenciana - Nord","3247"
"SPAIN","Autonómicas: C Valenciana - Sud","3259"
"SPAIN","Liga Vasca Femenina","3329"
"SPAIN","Liga Vasca Cadete","3336"
"SPAIN","Cadete de Honor Gipuzkoa","3342"
"SPAIN","Preferente Cadete Gipuzkoa","3348"
"SPAIN","Infantil Handi Gipuzkoa","3361"
"SPAIN","Cadete Honor Femenino Gipuzkoa","3362"
"SPAIN","Infantil Txiki Gipuzkoa","3410"
"SPAIN","Copa Vasca Cadete Femenina","3485"
"SPAIN","Copa Vasca Juvenil","3490"
"SUDAN","Sudan Premier League","878"
"SURINAME","Topklasse","1347"
"SURINAME","Tweede Divisie","2618"
"SWEDEN","Allsvenskan","573"
"SWEDEN","Allsvenskan Women","576"
"SWEDEN","Superettan","579"
"SWEDEN","Svenska Cupen","582"
"SWEDEN","Ettan: North","585"
"SWEDEN","Ettan: South","588"
"SWEDEN","Division 2: Norra Gotaland","1276"
"SWEDEN","Division 2: Norra Svealand","1277"
"SWEDEN","Division 2: Norrland","1278"
"SWEDEN","Division 2: Ostra Gotaland","1279"
"SWEDEN","Division 2: Sodra Svealand","1280"
"SWEDEN","Division 2: Vastra Gotaland","1281"
"SWEDEN","Elitettan Women","1548"
"SWEDEN","Svenska Cupen Women","1552"
"SWEDEN","Division 2: Play-offs","1635"
"SWEDEN","Allsvenskan Play-offs","1753"
"SWEDEN","Superettan Play-offs 3/4","1754"
"SWEDEN","Superettan Play-offs 2/3","1755"
"SWEDEN","U19 League","2299"
"SWEDEN","U19 League","2717"
"SWEDEN","Women's Play-offs 1/2","3282"
"SWITZERLAND","Super League","591"
"SWITZERLAND","Challenge League","594"
"SWITZERLAND","Swiss Cup","597"
"SWITZERLAND","1.Liga Classic","1497"
"SWITZERLAND","1.Liga Promotion","1498"
"SWITZERLAND","Nationalliga A Women","1569"
"SWITZERLAND","Super League Play-offs","1681"
"SWITZERLAND","Erste Liga Cup","1912"
"SWITZERLAND","2. Liga Interregional Cup","1913"
"SWITZERLAND","Nationalliga B Women","1914"
"SWITZERLAND","Schweizer Pokal Frauen","1915"
"SWITZERLAND","Nationalliga A Women - Playoffs","2310"
"SWITZERLAND","U18 League","2777"
"SWITZERLAND","2. Liga Interregional","2794"
"SWITZERLAND","Play-offs 2/3","3155"
"SWITZERLAND","U19 Elite","3226"
"SWITZERLAND","2. Liga Interregional - Group 2","3500"
"SWITZERLAND","2. Liga Interregional - Group 3","3501"
"SWITZERLAND","2. Liga Interregional - Group 4","3502"
"SWITZERLAND","2. Liga Interregional - Group 5","3503"
"SYRIA","Premier League","881"
"SYRIA","Syria Cup","1492"
"TAJIKISTAN","Super Cup","1852"
"TAJIKISTAN","Vysshaya Liga","1857"
"TANZANIA","Ligi kuu Bara","884"
"THAILAND","Thai Premier League","1064"
"THAILAND","Thai League Two","1067"
"THAILAND","FA Cup","1070"
"THAILAND","League Cup","1663"
"THAILAND","Thai League 3","1727"
"THAILAND","Thai League 3 - North","2486"
"THAILAND","Thai League 3 - North East","2487"
"THAILAND","Thai League 3 - South","2488"
"THAILAND","Thai League 3 - East","2490"
"THAILAND","Thai League 3 - West","2492"
"THAILAND","Thai League 3 - Play-offs","2506"
"THAILAND","Thai League 3 - Championship Round","2507"
"THAILAND","Thai Champions Cup","2696"
"THAILAND","Thai Women's League 1","3082"
"THAILAND","Women's Play-offs 1/2","3235"
"THAILAND","Thai League 3 Cup","3272"
"THAILAND","U23 League","3404"
"TOGO","Championnat National","1539"
"TRINIDAD AND TOBAGO","Ascension Invitational Tournament - Division 1","2689"
"TRINIDAD AND TOBAGO","TT Premier League 2","3143"
"TRINIDAD AND TOBAGO","League Cup","3349"
"TUNISIA","Ligue 1","956"
"TUNISIA","Tunisia Cup","1430"
"TUNISIA","Super Cup","2392"
"TUNISIA","Play-offs 1/2","2404"
"TUNISIA","Super Cup","3298"
"TURKEY","Super Lig","600"
"TURKEY","1. Lig","603"
"TURKEY","Turkish Cup","606"
"TURKEY","2. Lig: Beyaz","1282"
"TURKEY","3. Lig: Group 1","1285"
"TURKEY","3. Lig: Group 2","1286"
"TURKEY","3. Lig: Group 3","1287"
"TURKEY","Super Cup","1403"
"TURKEY","Süper Lig U21","1618"
"TURKEY","1. Lig U21","1619"
"TURKEY","3. Lig Play-offs","1680"
"TURKEY","TSYD Cup","1735"
"TURKEY","U19 Elit A","1763"
"TURKEY","U19 Elit B","1764"
"TURKEY","2. Lig: Play-offs","1898"
"TURKEY","Bölgesel Amatör Lig","1937"
"TURKEY","3. Lig: Group 4","1938"
"TURKEY","Bölgesel Amatör Lig - Play-offs","2441"
"TURKEY","Bölgesel Amatör Lig - Region 2","2442"
"TURKEY","Bölgesel Amatör Lig - Region 3","2443"
"TURKEY","Bölgesel Amatör Lig - Region 4","2444"
"TURKEY","Bölgesel Amatör Lig - Region 5","2445"
"TURKEY","Bölgesel Amatör Lig - Region 6","2446"
"TURKEY","Bölgesel Amatör Lig - Region 7","2447"
"TURKEY","Bölgesel Amatör Lig - Region 8","2448"
"TURKEY","Bölgesel Amatör Lig - Region 9","2449"
"TURKEY","Super Lig Women","2550"
"TURKEY","2. Lig Women","2551"
"TURKEY","Rezerv Lig","2727"
"TURKEY","Bölgesel Amatör Lig - Region 10","2941"
"TURKEY","Bölgesel Amatör Lig - Region 11","2942"
"TURKEY","Bölgesel Amatör Lig - Region 12","2943"
"TURKEY","Bölgesel Amatör Lig - Region 13","2944"
"TURKEY","Bölgesel Amatör Lig - Region 14","2945"
"TURKEY","Kadınlar Ligi","3018"
"TURKEY","U19 Play-offs 1/2","3370"
"TURKMENISTAN","Ýokary Liga","1864"
"TURKS AND CAICOS ISLANDS","Premier League","2373"
"UGANDA","Premier League","1423"
"UGANDA","Uganda Cup","1596"
"UKRAINE","Premier League","609"
"UKRAINE","Persha Liga","612"
"UKRAINE","Ukrainian Cup","615"
"UKRAINE","Second League: Group A","618"
"UKRAINE","Second League: Group B","621"
"UKRAINE","Youth League","1406"
"UKRAINE","Super Cup","1545"
"UKRAINE","Premier League - Playoffs","1691"
"UKRAINE","Premier League Women","2867"
"UKRAINE","U19 League","2955"
"UKRAINE","Women's Cup","2963"
"UKRAINE","Play-offs 2/3","3161"
"UNITED ARAB EMIRATES","Uae League","958"
"UNITED ARAB EMIRATES","Division 1","962"
"UNITED ARAB EMIRATES","Arabian Gulf Cup","965"
"UNITED ARAB EMIRATES","Presidents Cup","1458"
"UNITED ARAB EMIRATES","U19 League","1773"
"UNITED ARAB EMIRATES","U18 League","1774"
"UNITED ARAB EMIRATES","Arabian Gulf Reserve League","1789"
"UNITED ARAB EMIRATES","Super Cup","1990"
"UNITED ARAB EMIRATES","Youth League","2838"
"URUGUAY","Primera Division","770"
"URUGUAY","Segunda Division","776"
"URUGUAY","Super Cup","1615"
"URUGUAY","Campeonato Femenino","2555"
"URUGUAY","Copa Uruguay","2601"
"URUGUAY","Primera División Amateur","2690"
"URUGUAY","Copa de la Liga AUF","3541"
"USA","Major League Soccer","779"
"USA","US Open Cup","782"
"USA","NASL","788"
"USA","USL Championship","791"
"USA","USL League Two","794"
"USA","PDL","797"
"USA","USL League One","1607"
"USA","Carolina Challenge Cup","1617"
"USA","NISA","1803"
"USA","NPSL","1804"
"USA","Nwsl Challenge Cup Women","1885"
"USA","NPSL Members Cup","1897"
"USA","WPSL","2312"
"USA","NWSL","2328"
"USA","NISA Independent Cup","2591"
"USA","USL W League","2606"
"USA","MLS Next Pro Invitational","2669"
"USA","UWS","3131"
"USA","USL League One Cup","3354"
"USA","USL Super League","3385"
"UZBEKISTAN","Professional Football League","1349"
"UZBEKISTAN","Women's Super Cup","1887"
"UZBEKISTAN","Uzbekistan Cup","1910"
"UZBEKISTAN","Pro League A","1917"
"UZBEKISTAN","Pro League B","1918"
"UZBEKISTAN","League Cup","1919"
"UZBEKISTAN","PFL Cup","1920"
"UZBEKISTAN","Super Cup","1921"
"UZBEKISTAN","Play-offs 1/2","3291"
"VENEZUELA","Primera Division","800"
"VENEZUELA","Segunda Division","803"
"VENEZUELA","Copa Venezuela","1551"
"VENEZUELA","Supercopa","3470"
"VIETNAM","V-League","1073"
"VIETNAM","V-League 2","1076"
"VIETNAM","Vietnamese Cup","1079"
"VIETNAM","Second Division","1668"
"VIETNAM","U21 Championship","1702"
"VIETNAM","Women's National League","1705"
"VIETNAM","V.League 1 Play-offs","1752"
"VIETNAM","U19 Championship","1800"
"VIETNAM","U19 Women's Championship","1884"
"VIETNAM","Super Cup","3044"
"VIETNAM","Thien Long Tournament","3031"
"WALES","Premier League","624"
"WALES","Welsh League Division 1","627"
"WALES","Cymru Alliance","630"
"WALES","Welsh Cup","633"
"WALES","FAW Championship","1738"
"WALES","League Cup","2684"
"WALES","Welsh Premier Women's League","2868"
"WALES","FAW Championship - South","3499"
"WORLD","WC Qualification Africa","711"
"WORLD","WC Qualification Asia","714"
"WORLD","WC Qualification Concacaf","717"
"WORLD","WC Qualification Oceania","723"
"WORLD","WC Qualification South America","726"
"WORLD","WC Qualification Intercontinental Playoffs","729"
"WORLD","World Cup","732"
"WORLD","Friendly International","1082"
"WORLD","Club Friendlies 1","1101"
"WORLD","Club Friendlies 2","2450"
"WORLD","Club Friendlies 3","2451"
"WORLD","Club Friendlies 4","2452"
"WORLD","AFC Challenge Cup","1102"
"WORLD","African Nations Championship","1103"
"WORLD","AFF Suzuki Cup","1104"
"WORLD","Asian Cup","1105"
"WORLD","Asian Cup Qualification","1106"
"WORLD","West Asia Championship U23","2403"
"WORLD","CAF Champions League","1107"
"WORLD","CAF Confederations Cup","1108"
"WORLD","Caribean Cup","1109"
"WORLD","CECAFA Senior Challenge Cup","1110"
"WORLD","CONCACAF Champions League","1111"
"WORLD","CONCACAF Gold Cup","1112"
"WORLD","Confederations Cup","1113"
"WORLD","Copa Centroamericana","1115"
"WORLD","Africa Cup of Nations","1117"
"WORLD","Africa Cup of Nations Qualifications","1118"
"WORLD","EAFF E-1 Football Championship","1119"
"WORLD","Gulf Cup of Nations","1120"
"WORLD","International Champions Cup","1121"
"WORLD","OFC Champions League","1123"
"WORLD","OFC Nations Cup","1124"
"WORLD","Olympic Games","1125"
"WORLD","Olympic Games Women","1126"
"WORLD","SAFF Championship","1127"
"WORLD","Friendly International Women","1363"
"WORLD","World Cup U20","1364"
"WORLD","Universiade","1365"
"WORLD","Premier League Asia Trophy","1366"
"WORLD","J.League Cup / Copa Sudamericana Championship","1367"
"WORLD","Toulon Tournament","1368"
"WORLD","World Cup Women","1369"
"WORLD","Universiade Women","1370"
"WORLD","Uafa Cup","1376"
"WORLD","Cosafa Cup","1379"
"WORLD","World Cup U17","1390"
"WORLD","Cee Cup","1394"
"WORLD","Emirates Cup","1396"
"WORLD","Audi Cup","1398"
"WORLD","Cotif Tournament","1400"
"WORLD","Nordic Tournament U17","1404"
"WORLD","Afc Championship U19","1440"
"WORLD","FIFA Intercontinental Cup","1452"
"WORLD","Visit Tucson Sun Cup","1476"
"WORLD","Caf Super Cup","1491"
"WORLD","International Tournament (Cyprus) Women","1494"
"WORLD","Algarve Cup Women","1495"
"WORLD","Shebelieves Cup Women","1496"
"WORLD","Viareggio Cup","1499"
"WORLD","China Cup","1507"
"WORLD","Mediterranean Games","1536"
"WORLD","Tournament Of Nations Women","1537"
"WORLD","World Medical Football Championship","1542"
"WORLD","Arab Cup","2296"
"WORLD","Arab Club Championship","1549"
"WORLD","World Cup Women U20","1550"
"WORLD","Asian Games","1555"
"WORLD","Bangabandhu Gold Cup","1562"
"WORLD","Friendly International U19","1565"
"WORLD","Friendly International U18","1566"
"WORLD","Friendly International U21","1582"
"WORLD","Florida Cup","1600"
"WORLD","Arena Cup","1605"
"WORLD","World Cup Women Qualification Europe","1611"
"WORLD","World Cup Women Qualification Intercontinental","1612"
"WORLD","Friendly International U20","1650"
"WORLD","Friendly International U22","1651"
"WORLD","Friendly International U23","1652"
"WORLD","King's Cup","1690"
"WORLD","Valentin Granatkin Memorial","1692"
"WORLD","Club Friendlies Women","1703"
"WORLD","Intercontinental Cup","1708"
"WORLD","Pacific Games","1714"
"WORLD","CECAFA Club Cup","1715"
"WORLD","Trofeo Joan Gamper","1726"
"WORLD","Pan American Games","1731"
"WORLD","Women's Pan American Games","1733"
"WORLD","U17 Club Friendlies","1812"
"WORLD","Esoccer Ultimate Quaran-Team - 12 mins play","1813"
"WORLD","Esoccer Match - 12 mins play","1814"
"WORLD","Esoccer Battle - 8 mins play","1826"
"WORLD","Esoccer Liga Pro - 12 mins play","1827"
"WORLD","Esoccer eEuro2020 - 10 mins play","1828"
"WORLD","Esoccer Match - 18 mins play","1834"
"WORLD","Esoccer Futhead TNF - 12 mins play","1849"
"WORLD","Esoccer Pro Player Cup - 12 mins play","1850"
"WORLD","Esoccer RPL Pro Series - 10 mins play","1853"
"WORLD","Esoccer RPL Pro Series - 12 mins play","1854"
"WORLD","Esoccer FUFV League - 12 mins play","1855"
"WORLD","Esoccer Match - 10 mins play","1856"
"WORLD","Esoccer RPL Pro Series - 14 mins play","1858"
"WORLD","Esoccer eLiga Challenge - 12 mins play","1859"
"WORLD","Esoccer eLiga MX - 12 mins play #1862:","1862"
"WORLD","Esoccer Live Arena - 10 mins play","1863"
"WORLD","Esoccer Match - 8 mins play","1865"
"WORLD","Esoccer ePL Invitational – 12 mins play","1866"
"WORLD","Esoccer Europa League","1867"
"WORLD","Esoccer England Premier League","1868"
"WORLD","Esoccer Spain LaLiga League","1872"
"WORLD","Esoccer Italy Serie A","1874"
"WORLD","Esoccer GT Leagues – 12 mins play","1875"
"WORLD","UEFA U17 Championship Women","1974"
"WORLD","Arab Championship U20","2318"
"WORLD","Hybrid Friendlies Women","2546"
"WORLD","Kirin Cup","2575"
"WORLD","Sud Ladies Cup","2583"
"WORLD","Women's WC Qualification Oceania","2603"
"WORLD","Queensland Champions Cup","2605"
"WORLD","Copa Mitad del Mundo","2678"
"WORLD","Hybrid Friendlies","2558"
"WORLD","Non-FIFA Friendlies","2559"
"WORLD","Conmebol - UEFA Cup of Champions","2574"
"WORLD","Womens WC Qualification CONCACAF","2582"
"WORLD","African Nations Championship Qualification","2679"
"WORLD","Baltic Women's League","2686"
"WORLD","SAFF U20 Championship","2691"
"WORLD","U20 National Team Friendlies Women","2692"
"WORLD","AFF U16 Championship","2693"
"WORLD","U19 Club Friendlies","2721"
"WORLD","U19 National Team Friendlies Women","2724"
"WORLD","Trofeo Ramon de Carranza","2728"
"WORLD","Islamic Solidarity Games","2733"
"WORLD","U20 Women's World Cup","2778"
"WORLD","Women's International Champions Cup","2782"
"WORLD","The Women's Cup","2783"
"WORLD","COSAFA Women's Cup","2813"
"WORLD","OFC U19 Championship","2835"
"WORLD","U17 National Team Friendlies","2965"
"WORLD","AFC U17 Asian Cup Qualification","2970"
"WORLD","U23 National Team Friendlies Women","2980"
"WORLD","U15 Club Friendlies","2985"
"WORLD","U15 Club Friendlies","2986"
"WORLD","U17 Women's World Cup","2990"
"WORLD","FFA Cup of Nations","3063"
"WORLD","Medulin Cup","3045"
"WORLD","OFC U17 Championship","3033"
"WORLD","Sydney Super Cup","3007"
"WORLD","J.League Asia Challenge","3006"
"WORLD","Brasil Ladies Cup","3000"
"WORLD","CONMEBOL/UEFA Women's Finalissima","3089"
"WORLD","Premier League Summer Series","3147"
"WORLD","CAC Women's Games","3183"
"WORLD","CAC Games","3185"
"WORLD","Pan Arab Games","3196"
"WORLD","UEFA/CONMEBOL Club Challenge","3212"
"WORLD","MLS All-Star","3213"
"WORLD","Olympic Qualifying: Oceania","3232"
"WORLD","U20 Intercontinental Cup","3246"
"WORLD","U16 National Team Friendlies 1","3260"
"WORLD","U16 National Team Friendlies 2","3261"
"WORLD","U17 National Team Friendlies Women 1","3264"
"WORLD","U17 National Team Friendlies Women 2","3265"
"WORLD","U16 National Team Friendlies Women","3279"
"WORLD","Women's Pacific Games","3280"
"WORLD","U15 National Team Friendlies","3288"
"WORLD","OFC U19 Women's Championship","3180"
"WORLD","J. League World Challenge","3217"
"WORLD","Turkish Women's Cup","3311"
"WORLD","Pinatar Cup","3313"
"WORLD","OFC U16 Championship Qualification","3340"
"WORLD","U15 National Team Friendlies Women","3359"
"WORLD","Olympics Intercontinental Play-offs","3360"
"WORLD","A-Leagues All Stars Men","3365"
"WORLD","A-Leagues All Stars Women","3365"
"WORLD","OFC U19 Championship Qualification","3338"
"WORLD","OFC U16 Championship","3380"
"WORLD","FIFA Club World Cup","3412"
"WORLD","FIFA Club World Cup Play-In","3487"
"WORLD","FIFA Women's Champions Cup","3525"
"WORLD","Club Friendlies","3497"
"YEMEN","Yemeni League","1350"
"YEMEN","Super Cup","1997"
"YEMEN","President Cup","1998"
"ZAMBIA","Super League","890"
"ZAMBIA","Charity Shield","3384"
"ZIMBABWE","Premier Soccer League","887"